-- phpMyAdmin SQL Dump
-- version 4.5.1
-- http://www.phpmyadmin.net
--
-- Host: 127.0.0.1
-- Generation Time: Mar 16, 2017 at 08:31 AM
-- Server version: 10.1.13-MariaDB
-- PHP Version: 5.6.23

SET SQL_MODE = "NO_AUTO_VALUE_ON_ZERO";
SET time_zone = "+00:00";


/*!40101 SET @OLD_CHARACTER_SET_CLIENT=@@CHARACTER_SET_CLIENT */;
/*!40101 SET @OLD_CHARACTER_SET_RESULTS=@@CHARACTER_SET_RESULTS */;
/*!40101 SET @OLD_COLLATION_CONNECTION=@@COLLATION_CONNECTION */;
/*!40101 SET NAMES utf8mb4 */;

--
-- Database: `ehsas`
--

-- --------------------------------------------------------

--
-- Table structure for table `acl`
--

CREATE TABLE `acl` (
  `ai` int(10) UNSIGNED NOT NULL,
  `action_id` int(10) UNSIGNED NOT NULL,
  `user_id` int(10) UNSIGNED DEFAULT NULL
) ENGINE=InnoDB DEFAULT CHARSET=utf8;

-- --------------------------------------------------------

--
-- Table structure for table `acl_actions`
--

CREATE TABLE `acl_actions` (
  `action_id` int(10) UNSIGNED NOT NULL,
  `action_code` varchar(100) NOT NULL COMMENT 'No periods allowed!',
  `action_desc` varchar(100) NOT NULL COMMENT 'Human readable description',
  `category_id` int(10) UNSIGNED NOT NULL
) ENGINE=InnoDB DEFAULT CHARSET=utf8;

-- --------------------------------------------------------

--
-- Table structure for table `acl_categories`
--

CREATE TABLE `acl_categories` (
  `category_id` int(10) UNSIGNED NOT NULL,
  `category_code` varchar(100) NOT NULL COMMENT 'No periods allowed!',
  `category_desc` varchar(100) NOT NULL COMMENT 'Human readable description'
) ENGINE=InnoDB DEFAULT CHARSET=utf8;

-- --------------------------------------------------------

--
-- Table structure for table `auth_sessions`
--

CREATE TABLE `auth_sessions` (
  `id` varchar(128) NOT NULL,
  `user_id` int(10) UNSIGNED NOT NULL,
  `login_time` datetime DEFAULT NULL,
  `modified_at` timestamp NOT NULL DEFAULT CURRENT_TIMESTAMP ON UPDATE CURRENT_TIMESTAMP,
  `ip_address` varchar(45) NOT NULL,
  `user_agent` varchar(60) DEFAULT NULL
) ENGINE=MyISAM DEFAULT CHARSET=utf8;

--
-- Dumping data for table `auth_sessions`
--

INSERT INTO `auth_sessions` (`id`, `user_id`, `login_time`, `modified_at`, `ip_address`, `user_agent`) VALUES
('1d8cc504b6d3c3d91497dbb955d4539a3a9c7673', 2147484848, '2017-03-09 07:08:21', '2017-03-09 06:26:10', '127.0.0.1', 'Chrome 56.0.2924.87 on Windows 7');

-- --------------------------------------------------------

--
-- Table structure for table `blood_requirements`
--

CREATE TABLE `blood_requirements` (
  `id` int(11) UNSIGNED NOT NULL,
  `name` varchar(80) NOT NULL,
  `phone` varchar(15) NOT NULL,
  `mobile` varchar(15) NOT NULL,
  `alternateMobile` varchar(15) NOT NULL,
  `email` varchar(120) NOT NULL,
  `patient_name` varchar(80) NOT NULL,
  `patient_age` int(5) NOT NULL,
  `patient_gender` enum('male','female') NOT NULL,
  `blood_group` varchar(15) NOT NULL,
  `number_of_units` int(5) NOT NULL,
  `required_before` datetime NOT NULL,
  `reason` varchar(255) NOT NULL,
  `hospital_name` varchar(120) NOT NULL,
  `city` int(11) UNSIGNED NOT NULL,
  `state` int(11) UNSIGNED NOT NULL,
  `country` int(11) UNSIGNED NOT NULL,
  `address` text NOT NULL,
  `added_at` timestamp NOT NULL DEFAULT CURRENT_TIMESTAMP ON UPDATE CURRENT_TIMESTAMP,
  `deleted_at` date NOT NULL,
  `status` enum('0','1') NOT NULL DEFAULT '1' COMMENT 'o is disabled or expired and 1 is active'
) ENGINE=InnoDB DEFAULT CHARSET=latin1;

--
-- Dumping data for table `blood_requirements`
--

INSERT INTO `blood_requirements` (`id`, `name`, `phone`, `mobile`, `alternateMobile`, `email`, `patient_name`, `patient_age`, `patient_gender`, `blood_group`, `number_of_units`, `required_before`, `reason`, `hospital_name`, `city`, `state`, `country`, `address`, `added_at`, `deleted_at`, `status`) VALUES
(1, 'u name', '9999999999', '9888888888', '7777777777', 'amirprimetime@gmail.com', 'p name', 23, '', 'A Positive', 2, '0000-00-00 00:00:00', 'deangu', 'qqq', 1021, 14, 1, 'lalbazar', '2017-03-15 21:47:24', '0000-00-00', '1'),
(2, 'kjhkjhkj', '8888888888', '9999999999', '7777777777', 'asd@hyg.com', 'kjjhkjh', 3, '', 'A Negative', 1, '0000-00-00 00:00:00', 'deangu', 'jhjhjh', 109, 4, 1, 'hhkjjkhkjh', '2017-03-15 21:48:32', '0000-00-00', '1'),
(3, 'kjkjh', '9999999999', '8888888888', '7777777777', 'aaa@sss.lok', 'asdasd', 4, '', 'B Negative', 3, '0000-00-00 00:00:00', 'deangu', 'aaaaa', 123, 5, 1, 'sadasdasd', '2017-03-16 06:43:48', '0000-00-00', '0');

-- --------------------------------------------------------

--
-- Table structure for table `cities`
--

CREATE TABLE `cities` (
  `id` int(11) UNSIGNED NOT NULL,
  `city` varchar(200) NOT NULL,
  `state_id` int(11) UNSIGNED NOT NULL
) ENGINE=InnoDB DEFAULT CHARSET=latin1;

--
-- Dumping data for table `cities`
--

INSERT INTO `cities` (`id`, `city`, `state_id`) VALUES
(1, 'Port Blair', 1),
(2, 'Adilabad', 2),
(3, 'Adoni', 2),
(4, 'Alwal', 2),
(5, 'Anakapalle', 2),
(6, 'Anantapur', 2),
(7, 'Bapatla', 2),
(8, 'Belampalli', 2),
(9, 'Bhimavaram', 2),
(10, 'Bhongir', 2),
(11, 'Bobbili', 2),
(12, 'Bodhan', 2),
(13, 'Chilakalurupet', 2),
(14, 'Chinna Chawk', 2),
(15, 'Chirala', 2),
(16, 'Chittur', 2),
(17, 'Cuddapah', 2),
(18, 'Dharmavaram', 2),
(19, 'Dhone', 2),
(20, 'Eluru', 2),
(21, 'Gaddiannaram', 2),
(22, 'Gadwal', 2),
(23, 'Gajuwaka', 2),
(24, 'Gudivada', 2),
(25, 'Gudur', 2),
(26, 'Guntakal', 2),
(27, 'Guntur', 2),
(28, 'Hindupur', 2),
(29, 'Hyderabad', 2),
(30, 'Jagtial', 2),
(31, 'Kadiri', 2),
(32, 'Kagaznagar', 2),
(33, 'Kakinada', 2),
(34, 'Kallur', 2),
(35, 'Kamareddi', 2),
(36, 'Kapra', 2),
(37, 'Karimnagar', 2),
(38, 'Karnul', 2),
(39, 'Kavali', 2),
(40, 'Khammam', 2),
(41, 'Kodar', 2),
(42, 'Kondukur', 2),
(43, 'Koratla', 2),
(44, 'Kottagudem', 2),
(45, 'Kukatpalle', 2),
(46, 'Lalbahadur Nagar', 2),
(47, 'Machilipatnam', 2),
(48, 'Mahbubnagar', 2),
(49, 'Malkajgiri', 2),
(50, 'Mancheral', 2),
(51, 'Mandamarri', 2),
(52, 'Mangalagiri', 2),
(53, 'Markapur', 2),
(54, 'Miryalaguda', 2),
(55, 'Nalgonda', 2),
(56, 'Nandyal', 2),
(57, 'Narasapur', 2),
(58, 'Narasaraopet', 2),
(59, 'Nellur', 2),
(60, 'Nirmal', 2),
(61, 'Nizamabad', 2),
(62, 'Nuzvid', 2),
(63, 'Ongole', 2),
(64, 'Palakollu', 2),
(65, 'Palasa', 2),
(66, 'Palwancha', 2),
(67, 'Patancheru', 2),
(68, 'Piduguralla', 2),
(69, 'Ponnur', 2),
(70, 'Proddatur', 2),
(71, 'Qutubullapur', 2),
(72, 'Rajamahendri', 2),
(73, 'Rajampet', 2),
(74, 'Rajendranagar', 2),
(75, 'Ramachandrapuram', 2),
(76, 'Ramagundam', 2),
(77, 'Rayachoti', 2),
(78, 'Rayadrug', 2),
(79, 'Samalkot', 2),
(80, 'Sangareddi', 2),
(81, 'Sattenapalle', 2),
(82, 'Serilungampalle', 2),
(83, 'Siddipet', 2),
(84, 'Sikandarabad', 2),
(85, 'Sirsilla', 2),
(86, 'Srikakulam', 2),
(87, 'Srikalahasti', 2),
(88, 'Suriapet', 2),
(89, 'Tadepalle', 2),
(90, 'Tadepallegudem', 2),
(91, 'Tadpatri', 2),
(92, 'Tandur', 2),
(93, 'Tanuku', 2),
(94, 'Tenali', 2),
(95, 'Tirupati', 2),
(96, 'Tuni', 2),
(97, 'Uppal Kalan', 2),
(98, 'Vijayawada', 2),
(99, 'Vinukonda', 2),
(100, 'Visakhapatnam', 2),
(101, 'Vizianagaram', 2),
(102, 'Vuyyuru', 2),
(103, 'Wanparti', 2),
(104, 'Warangal', 2),
(105, 'Yemmiganur', 2),
(106, 'Itanagar', 3),
(107, 'Barpeta', 4),
(108, 'Bongaigaon', 4),
(109, 'Dhuburi', 4),
(110, 'Dibrugarh', 4),
(111, 'Diphu', 4),
(112, 'Guwahati', 4),
(113, 'Jorhat', 4),
(114, 'Karimganj', 4),
(115, 'Lakhimpur', 4),
(116, 'Lanka', 4),
(117, 'Nagaon', 4),
(118, 'Sibsagar', 4),
(119, 'Silchar', 4),
(120, 'Tezpur', 4),
(121, 'Tinsukia', 4),
(122, 'Alipur Duar', 5),
(123, 'Arambagh', 5),
(124, 'Asansol', 5),
(125, 'Ashoknagar Kalyangarh', 5),
(126, 'Baharampur', 5),
(127, 'Baidyabati', 5),
(128, 'Baj Baj', 5),
(129, 'Bally', 5),
(130, 'Bally Cantonment', 5),
(131, 'Balurghat', 5),
(132, 'Bangaon', 5),
(133, 'Bankra', 5),
(134, 'Bankura', 5),
(135, 'Bansbaria', 5),
(136, 'Baranagar', 5),
(137, 'Barddhaman', 5),
(138, 'Basirhat', 5),
(139, 'Bhadreswar', 5),
(140, 'Bhatpara', 5),
(141, 'Bidhannagar', 5),
(142, 'Binnaguri', 5),
(143, 'Bishnupur', 5),
(144, 'Bolpur', 5),
(145, 'Calcutta', 5),
(146, 'Chakdaha', 5),
(147, 'Champdani', 5),
(148, 'Chandannagar', 5),
(149, 'Contai', 5),
(150, 'Dabgram', 5),
(151, 'Darjiling', 5),
(152, 'Dhulian', 5),
(153, 'Dinhata', 5),
(154, 'Dum Dum', 5),
(155, 'Durgapur', 5),
(156, 'Gangarampur', 5),
(157, 'Garulia', 5),
(158, 'Gayespur', 5),
(159, 'Ghatal', 5),
(160, 'Gopalpur', 5),
(161, 'Habra', 5),
(162, 'Halisahar', 5),
(163, 'Haora', 5),
(164, 'HugliChunchura', 5),
(165, 'Ingraj Bazar', 5),
(166, 'Islampur', 5),
(167, 'Jalpaiguri', 5),
(168, 'Jamuria', 5),
(169, 'Jangipur', 5),
(170, 'Jhargram', 5),
(171, 'Kaliyaganj', 5),
(172, 'Kalna', 5),
(173, 'Kalyani', 5),
(174, 'Kamarhati', 5),
(175, 'Kanchrapara', 5),
(176, 'Kandi', 5),
(177, 'Karsiyang', 5),
(178, 'Katwa', 5),
(179, 'Kharagpur', 5),
(180, 'Kharagpur Railway Settlement', 5),
(181, 'Khardaha', 5),
(182, 'Kharia', 5),
(183, 'Koch Bihar', 5),
(184, 'Konnagar', 5),
(185, 'Krishnanagar', 5),
(186, 'Kulti', 5),
(187, 'Madhyamgram', 5),
(188, 'Maheshtala', 5),
(189, 'Memari', 5),
(190, 'Midnapur', 5),
(191, 'Naihati', 5),
(192, 'Navadwip', 5),
(193, 'Ni Barakpur', 5),
(194, 'North Barakpur', 5),
(195, 'North Dum Dum', 5),
(196, 'Old Maldah', 5),
(197, 'Panihati', 5),
(198, 'Phulia', 5),
(199, 'Pujali', 5),
(200, 'Puruliya', 5),
(201, 'Raiganj', 5),
(202, 'Rajpur', 5),
(203, 'Rampur Hat', 5),
(204, 'Ranaghat', 5),
(205, 'Raniganj', 5),
(206, 'Rishra', 5),
(207, 'Shantipur', 5),
(208, 'Shiliguri', 5),
(209, 'Shrirampur', 5),
(210, 'Siuri', 5),
(211, 'South Dum Dum', 5),
(212, 'Titagarh', 5),
(213, 'Ulubaria', 5),
(214, 'UttarparaKotrung', 5),
(215, 'Araria', 6),
(216, 'Arrah', 6),
(217, 'Aurangabad', 6),
(218, 'Bagaha', 6),
(219, 'Begusarai', 6),
(220, 'Bettiah', 6),
(221, 'Bhabua', 6),
(222, 'Bhagalpur', 6),
(223, 'Bihar', 6),
(224, 'Buxar', 6),
(225, 'Chhapra', 6),
(226, 'Darbhanga', 6),
(227, 'Dehri', 6),
(228, 'DighaMainpura', 6),
(229, 'Dinapur', 6),
(230, 'Dumraon', 6),
(231, 'Gaya', 6),
(232, 'Gopalganj', 6),
(233, 'Goura', 6),
(234, 'Hajipur', 6),
(235, 'Jahanabad', 6),
(236, 'Jamalpur', 6),
(237, 'Jamui', 6),
(238, 'Katihar', 6),
(239, 'Khagaria', 6),
(240, 'Khagaul', 6),
(241, 'Kishanganj', 6),
(242, 'Lakhisarai', 6),
(243, 'Madhipura', 6),
(244, 'Madhubani', 6),
(245, 'Masaurhi', 6),
(246, 'Mokama', 6),
(247, 'Motihari', 6),
(248, 'Munger', 6),
(249, 'Muzaffarpur', 6),
(250, 'Nawada', 6),
(251, 'Patna', 6),
(252, 'Phulwari', 6),
(253, 'Purnia', 6),
(254, 'Raxaul', 6),
(255, 'Saharsa', 6),
(256, 'Samastipur', 6),
(257, 'Sasaram', 6),
(258, 'Sitamarhi', 6),
(259, 'Siwan', 6),
(260, 'Supaul', 6),
(261, 'Chandigarh', 7),
(262, 'Ambikapur', 8),
(263, 'Bhilai', 8),
(264, 'Bilaspur', 8),
(265, 'Charoda', 8),
(266, 'Chirmiri', 8),
(267, 'Dhamtari', 8),
(268, 'Durg', 8),
(269, 'Jagdalpur', 8),
(270, 'Korba', 8),
(271, 'Raigarh', 8),
(272, 'Raipur', 8),
(273, 'Rajnandgaon', 8),
(274, 'Bhalswa Jahangirpur', 9),
(275, 'Burari', 9),
(276, 'Chilla Saroda Bangar', 9),
(277, 'Dallo Pura', 9),
(278, 'Delhi', 9),
(279, 'Deoli', 9),
(280, 'Dilli Cantonment', 9),
(281, 'Gharoli', 9),
(282, 'Gokalpur', 9),
(283, 'Hastsal', 9),
(284, 'Jaffrabad', 9),
(285, 'Karawal Nagar', 9),
(286, 'Khajuri Khas', 9),
(287, 'Kirari Suleman Nagar', 9),
(288, 'Mandoli', 9),
(289, 'Mithe Pur', 9),
(290, 'Molarband', 9),
(291, 'Mundka', 9),
(292, 'Mustafabad', 9),
(293, 'Nangloi Jat', 9),
(294, 'Ni Dilli', 9),
(295, 'Pul Pehlad', 9),
(296, 'Puth Kalan', 9),
(297, 'Roshan Pura', 9),
(298, 'Sadat Pur Gujran', 9),
(299, 'Sultanpur Majra', 9),
(300, 'Tajpul', 9),
(301, 'Tigri', 9),
(302, 'Ziauddin Pur', 9),
(303, 'Madgaon', 10),
(304, 'Mormugao', 10),
(305, 'Panaji', 10),
(306, 'Ahmadabad', 11),
(307, 'Amreli', 11),
(308, 'Anand', 11),
(309, 'Anjar', 11),
(310, 'Bardoli', 11),
(311, 'Bharuch', 11),
(312, 'Bhavnagar', 11),
(313, 'Bhuj', 11),
(314, 'Borsad', 11),
(315, 'Botad', 11),
(316, 'Chandkheda', 11),
(317, 'Chandlodiya', 11),
(318, 'Dabhoi', 11),
(319, 'Dahod', 11),
(320, 'Dholka', 11),
(321, 'Dhoraji', 11),
(322, 'Dhrangadhra', 11),
(323, 'Disa', 11),
(324, 'Gandhidham', 11),
(325, 'Gandhinagar', 11),
(326, 'Ghatlodiya', 11),
(327, 'Godhra', 11),
(328, 'Gondal', 11),
(329, 'Himatnagar', 11),
(330, 'Jamnagar', 11),
(331, 'Jamnagar', 11),
(332, 'Jetpur', 11),
(333, 'Junagadh', 11),
(334, 'Kalol', 11),
(335, 'Keshod', 11),
(336, 'Khambhat', 11),
(337, 'Kundla', 11),
(338, 'Mahuva', 11),
(339, 'Mangrol', 11),
(340, 'Modasa', 11),
(341, 'Morvi', 11),
(342, 'Nadiad', 11),
(343, 'Navagam Ghed', 11),
(344, 'Navsari', 11),
(345, 'Palitana', 11),
(346, 'Patan', 11),
(347, 'Porbandar', 11),
(348, 'Puna', 11),
(349, 'Rajkot', 11),
(350, 'Ramod', 11),
(351, 'Ranip', 11),
(352, 'Siddhapur', 11),
(353, 'Sihor', 11),
(354, 'Surat', 11),
(355, 'Surendranagar', 11),
(356, 'Thaltej', 11),
(357, 'Una', 11),
(358, 'Unjha', 11),
(359, 'Upleta', 11),
(360, 'Vadodara', 11),
(361, 'Valsad', 11),
(362, 'Vapi', 11),
(363, 'Vastral', 11),
(364, 'Vejalpur', 11),
(365, 'Veraval', 11),
(366, 'Vijalpor', 11),
(367, 'Visnagar', 11),
(368, 'Wadhwan', 11),
(369, 'Ambala', 12),
(370, 'Ambala Cantonment', 12),
(371, 'Ambala Sadar', 12),
(372, 'Bahadurgarh', 12),
(373, 'Bhiwani', 12),
(374, 'Charkhi Dadri', 12),
(375, 'Dabwali', 12),
(376, 'Faridabad', 12),
(377, 'Gohana', 12),
(378, 'Hisar', 12),
(379, 'Jagadhri', 12),
(380, 'Jind', 12),
(381, 'Kaithal', 12),
(382, 'Karnal', 12),
(383, 'Narnaul', 12),
(384, 'Narwana', 12),
(385, 'Palwal', 12),
(386, 'Panchkula', 12),
(387, 'Panipat', 12),
(388, 'Rewari', 12),
(389, 'Rohtak', 12),
(390, 'Sirsa', 12),
(391, 'Sonipat', 12),
(392, 'Thanesar', 12),
(393, 'Tohana', 12),
(394, 'Yamunanagar', 12),
(395, 'Shimla', 13),
(404, 'Adityapur', 15),
(405, 'Bagbahra', 15),
(406, 'Bhuli', 15),
(407, 'Bokaro', 15),
(408, 'Chaibasa', 15),
(409, 'Chas', 15),
(410, 'Daltenganj', 15),
(411, 'Devghar', 15),
(412, 'Dhanbad', 15),
(413, 'Hazaribag', 15),
(414, 'Jamshedpur', 15),
(415, 'Jharia', 15),
(416, 'Jhumri Tilaiya', 15),
(417, 'Jorapokhar', 15),
(418, 'Katras', 15),
(419, 'Lohardaga', 15),
(420, 'Mango', 15),
(421, 'Phusro', 15),
(422, 'Ramgarh', 15),
(423, 'Ranchi', 15),
(424, 'Sahibganj', 15),
(425, 'Saunda', 15),
(426, 'Sindari', 15),
(427, 'Bagalkot', 16),
(428, 'Bangalore', 16),
(429, 'Basavakalyan', 16),
(430, 'Belgaum', 16),
(431, 'Bellary', 16),
(432, 'Bhadravati', 16),
(433, 'Bidar', 16),
(434, 'Bijapur', 16),
(435, 'Bommanahalli', 16),
(436, 'Byatarayanapura', 16),
(437, 'Challakere', 16),
(438, 'Chamrajnagar', 16),
(439, 'Channapatna', 16),
(440, 'Chik Ballapur', 16),
(441, 'Chikmagalur', 16),
(442, 'Chintamani', 16),
(443, 'Chitradurga', 16),
(444, 'Dasarahalli', 16),
(445, 'Davanagere', 16),
(446, 'Dod Ballapur', 16),
(447, 'Gadag', 16),
(448, 'Gangawati', 16),
(449, 'Gokak', 16),
(450, 'Gulbarga', 16),
(451, 'Harihar', 16),
(452, 'Hassan', 16),
(453, 'Haveri', 16),
(454, 'Hiriyur', 16),
(455, 'Hosakote', 16),
(456, 'Hospet', 16),
(457, 'Hubli', 16),
(458, 'Ilkal', 16),
(459, 'Jamkhandi', 16),
(460, 'Kanakapura', 16),
(461, 'Karwar', 16),
(462, 'Kolar', 16),
(463, 'Kollegal', 16),
(464, 'Koppal', 16),
(465, 'Krishnarajapura', 16),
(466, 'Mahadevapura', 16),
(467, 'Maisuru', 16),
(468, 'Mandya', 16),
(469, 'Mangaluru', 16),
(470, 'Nipani', 16),
(471, 'Pattanagere', 16),
(472, 'Puttur', 16),
(473, 'Rabkavi', 16),
(474, 'Raichur', 16),
(475, 'Ramanagaram', 16),
(476, 'Ranibennur', 16),
(477, 'Robertsonpet', 16),
(478, 'Sagar', 16),
(479, 'Shahabad', 16),
(480, 'Shahpur', 16),
(481, 'Shimoga', 16),
(482, 'Shorapur', 16),
(483, 'Sidlaghatta', 16),
(484, 'Sira', 16),
(485, 'Sirsi', 16),
(486, 'Tiptur', 16),
(487, 'Tumkur', 16),
(488, 'Udupi', 16),
(489, 'Ullal', 16),
(490, 'Yadgir', 16),
(491, 'Yelahanka', 16),
(492, 'Alappuzha', 17),
(493, 'Beypur', 17),
(494, 'Cheruvannur', 17),
(495, 'Edakkara', 17),
(496, 'Edathala', 17),
(497, 'Kalamassery', 17),
(498, 'Kannan Devan Hills', 17),
(499, 'Kannangad', 17),
(500, 'Kannur', 17),
(501, 'Kayankulam', 17),
(502, 'Kochi', 17),
(503, 'Kollam', 17),
(504, 'Kottayam', 17),
(505, 'Koyilandi', 17),
(506, 'Kozhikkod', 17),
(507, 'Kunnamkulam', 17),
(508, 'Malappuram', 17),
(509, 'Manjeri', 17),
(510, 'Nedumangad', 17),
(511, 'Neyyattinkara', 17),
(512, 'Palakkad', 17),
(513, 'Pallichal', 17),
(514, 'Payyannur', 17),
(515, 'Ponnani', 17),
(516, 'Talipparamba', 17),
(517, 'Thalassery', 17),
(518, 'Thiruvananthapuram', 17),
(519, 'Thrippunithura', 17),
(520, 'Thrissur', 17),
(521, 'Tirur', 17),
(522, 'Tiruvalla', 17),
(523, 'Vadakara', 17),
(524, 'Ashoknagar', 18),
(525, 'Balaghat', 18),
(526, 'Basoda', 18),
(527, 'Betul', 18),
(528, 'Bhind', 18),
(529, 'Bhopal', 18),
(530, 'BinaEtawa', 18),
(531, 'Burhanpur', 18),
(532, 'Chhatarpur', 18),
(533, 'Chhindwara', 18),
(534, 'Dabra', 18),
(535, 'Damoh', 18),
(536, 'Datia', 18),
(537, 'Dewas', 18),
(538, 'Dhar', 18),
(539, 'Gohad', 18),
(540, 'Guna', 18),
(541, 'Gwalior', 18),
(542, 'Harda', 18),
(543, 'Hoshangabad', 18),
(544, 'Indore', 18),
(545, 'Itarsi', 18),
(546, 'Jabalpur', 18),
(547, 'Jabalpur Cantonment', 18),
(548, 'Jaora', 18),
(549, 'Khandwa', 18),
(550, 'Khargone', 18),
(551, 'Mandidip', 18),
(552, 'Mandsaur', 18),
(553, 'Mau', 18),
(554, 'Morena', 18),
(555, 'Murwara', 18),
(556, 'Nagda', 18),
(557, 'Nimach', 18),
(558, 'Pithampur', 18),
(559, 'Raghogarh', 18),
(560, 'Ratlam', 18),
(561, 'Rewa', 18),
(562, 'Sagar', 18),
(563, 'Sarni', 18),
(564, 'Satna', 18),
(565, 'Sehore', 18),
(566, 'Sendhwa', 18),
(567, 'Seoni', 18),
(568, 'Shahdol', 18),
(569, 'Shajapur', 18),
(570, 'Sheopur', 18),
(571, 'Shivapuri', 18),
(572, 'Sidhi', 18),
(573, 'Singrauli', 18),
(574, 'Tikamgarh', 18),
(575, 'Ujjain', 18),
(576, 'Vidisha', 18),
(577, 'Achalpur', 19),
(578, 'Ahmadnagar', 19),
(579, 'Akola', 19),
(580, 'Akot', 19),
(581, 'Amalner', 19),
(582, 'Ambajogai', 19),
(583, 'Amravati', 19),
(584, 'Anjangaon', 19),
(585, 'Aurangabad', 19),
(586, 'Badlapur', 19),
(587, 'Ballarpur', 19),
(588, 'Baramati', 19),
(589, 'Barsi', 19),
(590, 'Basmat', 19),
(591, 'Bhadravati', 19),
(592, 'Bhandara', 19),
(593, 'Bhiwandi', 19),
(594, 'Bhusawal', 19),
(595, 'Bid', 19),
(596, 'Mumbai', 19),
(597, 'Buldana', 19),
(598, 'Chalisgaon', 19),
(599, 'Chandrapur', 19),
(600, 'Chikhli', 19),
(601, 'Chiplun', 19),
(602, 'Chopda', 19),
(603, 'Dahanu', 19),
(604, 'Deolali', 19),
(605, 'Dhule', 19),
(606, 'Digdoh', 19),
(607, 'Diglur', 19),
(608, 'Gadchiroli', 19),
(609, 'Gondiya', 19),
(610, 'Hinganghat', 19),
(611, 'Hingoli', 19),
(612, 'Ichalkaranji', 19),
(613, 'Jalgaon', 19),
(614, 'Jalna', 19),
(615, 'Kalyan', 19),
(616, 'Kamthi', 19),
(617, 'Karanja', 19),
(618, 'Khadki', 19),
(619, 'Khamgaon', 19),
(620, 'Khopoli', 19),
(621, 'Kolhapur', 19),
(622, 'Kopargaon', 19),
(623, 'Latur', 19),
(624, 'Lonavale', 19),
(625, 'Malegaon', 19),
(626, 'Malkapur', 19),
(627, 'Manmad', 19),
(628, 'Mira Bhayandar', 19),
(629, 'Nagpur', 19),
(630, 'Nalasopara', 19),
(631, 'Nanded', 19),
(632, 'Nandurbar', 19),
(633, 'Nashik', 19),
(634, 'Navghar', 19),
(635, 'Navi Mumbai', 19),
(636, 'Navi Mumbai', 19),
(637, 'Osmanabad', 19),
(638, 'Palghar', 19),
(639, 'Pandharpur', 19),
(640, 'Parbhani', 19),
(641, 'Phaltan', 19),
(642, 'Pimpri', 19),
(643, 'Pune', 19),
(644, 'Pune Cantonment', 19),
(645, 'Pusad', 19),
(646, 'Ratnagiri', 19),
(647, 'SangliMiraj', 19),
(648, 'Satara', 19),
(649, 'Shahada', 19),
(650, 'Shegaon', 19),
(651, 'Shirpur', 19),
(652, 'Sholapur', 19),
(653, 'Shrirampur', 19),
(654, 'Sillod', 19),
(655, 'Thana', 19),
(656, 'Udgir', 19),
(657, 'Ulhasnagar', 19),
(658, 'Uran Islampur', 19),
(659, 'Vasai', 19),
(660, 'Virar', 19),
(661, 'Wadi', 19),
(662, 'Wani', 19),
(663, 'Wardha', 19),
(664, 'Warud', 19),
(665, 'Washim', 19),
(666, 'Yavatmal', 19),
(667, 'Imphal', 20),
(668, 'Shillong', 21),
(669, 'Tura', 21),
(670, 'Aizawl', 22),
(671, 'Lunglei', 22),
(672, 'Dimapur', 23),
(673, 'Kohima', 23),
(674, 'Wokha', 23),
(675, 'Balangir', 24),
(676, 'Baleshwar', 24),
(677, 'Barbil', 24),
(678, 'Bargarh', 24),
(679, 'Baripada', 24),
(680, 'Bhadrak', 24),
(681, 'Bhawanipatna', 24),
(682, 'Bhubaneswar', 24),
(683, 'Brahmapur', 24),
(684, 'Brajrajnagar', 24),
(685, 'Dhenkanal', 24),
(686, 'Jaypur', 24),
(687, 'Jharsuguda', 24),
(688, 'Kataka', 24),
(689, 'Kendujhar', 24),
(690, 'Paradwip', 24),
(691, 'Puri', 24),
(692, 'Raurkela', 24),
(693, 'Raurkela Industrial Township', 24),
(694, 'Rayagada', 24),
(695, 'Sambalpur', 24),
(696, 'Sunabeda', 24),
(697, 'Karaikal', 25),
(698, 'Ozhukarai', 25),
(699, 'Pondicherry', 25),
(700, 'Abohar', 26),
(701, 'Amritsar', 26),
(702, 'Barnala', 26),
(703, 'Batala', 26),
(704, 'Bathinda', 26),
(705, 'Dhuri', 26),
(706, 'Faridkot', 26),
(707, 'Fazilka', 26),
(708, 'Firozpur', 26),
(709, 'Firozpur Cantonment', 26),
(710, 'Gobindgarh', 26),
(711, 'Gurdaspur', 26),
(712, 'Hoshiarpur', 26),
(713, 'Jagraon', 26),
(714, 'Jalandhar', 26),
(715, 'Kapurthala', 26),
(716, 'Khanna', 26),
(717, 'Kot Kapura', 26),
(718, 'Ludhiana', 26),
(719, 'Malaut', 26),
(720, 'Maler Kotla', 26),
(721, 'Mansa', 26),
(722, 'Moga', 26),
(723, 'Mohali', 26),
(724, 'Pathankot', 26),
(725, 'Patiala', 26),
(726, 'Phagwara', 26),
(727, 'Rajpura', 26),
(728, 'Rupnagar', 26),
(729, 'Samana', 26),
(730, 'Sangrur', 26),
(731, 'Sirhind', 26),
(732, 'Sunam', 26),
(733, 'Tarn Taran', 26),
(734, 'Ajmer', 27),
(735, 'Alwar', 27),
(736, 'Balotra', 27),
(737, 'Banswara', 27),
(738, 'Baran', 27),
(739, 'Bari', 27),
(740, 'Barmer', 27),
(741, 'Beawar', 27),
(742, 'Bharatpur', 27),
(743, 'Bhilwara', 27),
(744, 'Bhiwadi', 27),
(745, 'Bikaner', 27),
(746, 'Bundi', 27),
(747, 'Chittaurgarh', 27),
(748, 'Chomun', 27),
(749, 'Churu', 27),
(750, 'Daosa', 27),
(751, 'Dhaulpur', 27),
(752, 'Didwana', 27),
(753, 'Fatehpur', 27),
(754, 'Ganganagar', 27),
(755, 'Gangapur', 27),
(756, 'Hanumangarh', 27),
(757, 'Hindaun', 27),
(758, 'Jaipur', 27),
(759, 'Jaisalmer', 27),
(760, 'Jalor', 27),
(761, 'Jhalawar', 27),
(762, 'Jhunjhunun', 27),
(763, 'Jodhpur', 27),
(764, 'Karauli', 27),
(765, 'Kishangarh', 27),
(766, 'Kota', 27),
(767, 'Kuchaman', 27),
(768, 'Ladnun', 27),
(769, 'Makrana', 27),
(770, 'Nagaur', 27),
(771, 'Nawalgarh', 27),
(772, 'Nimbahera', 27),
(773, 'Nokha', 27),
(774, 'Pali', 27),
(775, 'Rajsamand', 27),
(776, 'Ratangarh', 27),
(777, 'Sardarshahr', 27),
(778, 'Sawai Madhopur', 27),
(779, 'Sikar', 27),
(780, 'Sujangarh', 27),
(781, 'Suratgarh', 27),
(782, 'Tonk', 27),
(783, 'Udaipur', 27),
(784, 'Alandur', 28),
(785, 'Ambattur', 28),
(786, 'Ambur', 28),
(787, 'Arakonam', 28),
(788, 'Arani', 28),
(789, 'Aruppukkottai', 28),
(790, 'Attur', 28),
(791, 'Avadi', 28),
(792, 'Avaniapuram', 28),
(793, 'Bodinayakkanur', 28),
(794, 'Chengalpattu', 28),
(795, 'Dharapuram', 28),
(796, 'Dharmapuri', 28),
(797, 'Dindigul', 28),
(798, 'Erode', 28),
(799, 'Gopichettipalaiyam', 28),
(800, 'Gudalur', 28),
(801, 'Gudiyattam', 28),
(802, 'Hosur', 28),
(803, 'Idappadi', 28),
(804, 'Kadayanallur', 28),
(805, 'Kambam', 28),
(806, 'Kanchipuram', 28),
(807, 'Karur', 28),
(808, 'Kavundampalaiyam', 28),
(809, 'Kovilpatti', 28),
(810, 'Koyampattur', 28),
(811, 'Krishnagiri', 28),
(812, 'Kumarapalaiyam', 28),
(813, 'Kumbakonam', 28),
(814, 'Kuniyamuthur', 28),
(815, 'Kurichi', 28),
(816, 'Madhavaram', 28),
(817, 'Madras', 28),
(818, 'Madurai', 28),
(819, 'Maduravoyal', 28),
(820, 'Mannargudi', 28),
(821, 'Mayiladuthurai', 28),
(822, 'Mettupalayam', 28),
(823, 'Mettur', 28),
(824, 'Nagapattinam', 28),
(825, 'Nagercoil', 28),
(826, 'Namakkal', 28),
(827, 'Nerkunram', 28),
(828, 'Neyveli', 28),
(829, 'Pallavaram', 28),
(830, 'Pammal', 28),
(831, 'Pannuratti', 28),
(832, 'Paramakkudi', 28),
(833, 'Pattukkottai', 28),
(834, 'Pollachi', 28),
(835, 'Pudukkottai', 28),
(836, 'Puliyankudi', 28),
(837, 'Punamalli', 28),
(838, 'Rajapalaiyam', 28),
(839, 'Ramanathapuram', 28),
(840, 'Salem', 28),
(841, 'Sankarankoil', 28),
(842, 'Sivakasi', 28),
(843, 'Srivilliputtur', 28),
(844, 'Tambaram', 28),
(845, 'Tenkasi', 28),
(846, 'Thanjavur', 28),
(847, 'Theni Allinagaram', 28),
(848, 'Thiruthangal', 28),
(849, 'Thiruvarur', 28),
(850, 'Thuthukkudi', 28),
(851, 'Tindivanam', 28),
(852, 'Tiruchchirappalli', 28),
(853, 'Tiruchengode', 28),
(854, 'Tirunelveli', 28),
(855, 'Tirupathur', 28),
(856, 'Tiruppur', 28),
(857, 'Tiruvannamalai', 28),
(858, 'Tiruvottiyur', 28),
(859, 'Udagamandalam', 28),
(860, 'Udumalaipettai', 28),
(861, 'Valparai', 28),
(862, 'Vaniyambadi', 28),
(863, 'Velampalaiyam', 28),
(864, 'Velluru', 28),
(865, 'Viluppuram', 28),
(866, 'Virappanchatram', 28),
(867, 'Virudhachalam', 28),
(868, 'Virudunagar', 28),
(869, 'Agartala', 29),
(870, 'Agartala MCl', 29),
(871, 'Badharghat', 29),
(872, 'Agra', 30),
(873, 'Aligarh', 30),
(874, 'Allahabad', 30),
(875, 'Amroha', 30),
(876, 'Aonla', 30),
(877, 'Auraiya', 30),
(878, 'Ayodhya', 30),
(879, 'Azamgarh', 30),
(880, 'Baheri', 30),
(881, 'Bahraich', 30),
(882, 'Ballia', 30),
(883, 'Balrampur', 30),
(884, 'Banda', 30),
(885, 'Baraut', 30),
(886, 'Bareli', 30),
(887, 'Basti', 30),
(888, 'Behta Hajipur', 30),
(889, 'Bela', 30),
(890, 'Bhadohi', 30),
(891, 'Bijnor', 30),
(892, 'Bisalpur', 30),
(893, 'Biswan', 30),
(894, 'Budaun', 30),
(895, 'Bulandshahr', 30),
(896, 'Chandausi', 30),
(897, 'Chandpur', 30),
(898, 'Chhibramau', 30),
(899, 'Chitrakut Dham', 30),
(900, 'Dadri', 30),
(901, 'Deoband', 30),
(902, 'Deoria', 30),
(903, 'Etah', 30),
(904, 'Etawah', 30),
(905, 'Faizabad', 30),
(906, 'Faridpur', 30),
(907, 'Farrukhabad', 30),
(908, 'Fatehpur', 30),
(909, 'Firozabad', 30),
(910, 'Gajraula', 30),
(911, 'Ganga Ghat', 30),
(912, 'Gangoh', 30),
(913, 'Ghaziabad', 30),
(914, 'Ghazipur', 30),
(915, 'Gola Gokarannath', 30),
(916, 'Gonda', 30),
(917, 'Gorakhpur', 30),
(918, 'Hapur', 30),
(919, 'Hardoi', 30),
(920, 'Hasanpur', 30),
(921, 'Hathras', 30),
(922, 'Jahangirabad', 30),
(923, 'Jalaun', 30),
(924, 'Jaunpur', 30),
(925, 'Jhansi', 30),
(926, 'Kadi', 30),
(927, 'Kairana', 30),
(928, 'Kannauj', 30),
(929, 'Kanpur', 30),
(930, 'Kanpur Cantonment', 30),
(931, 'Kasganj', 30),
(932, 'Khatauli', 30),
(933, 'Khora', 30),
(934, 'Khurja', 30),
(935, 'Kiratpur', 30),
(936, 'Kosi Kalan', 30),
(937, 'Laharpur', 30),
(938, 'Lakhimpur', 30),
(939, 'Lakhnau', 30),
(940, 'Lakhnau Cantonment', 30),
(941, 'Lalitpur', 30),
(942, 'Loni', 30),
(943, 'Mahoba', 30),
(944, 'Mainpuri', 30),
(945, 'Mathura', 30),
(946, 'Mau', 30),
(947, 'Mauranipur', 30),
(948, 'Mawana', 30),
(949, 'Mirat', 30),
(950, 'Mirat Cantonment', 30),
(951, 'Mirzapur', 30),
(952, 'Modinagar', 30),
(953, 'Moradabad', 30),
(954, 'Mubarakpur', 30),
(955, 'Mughal Sarai', 30),
(956, 'Muradnagar', 30),
(957, 'Muzaffarnagar', 30),
(958, 'Nagina', 30),
(959, 'Najibabad', 30),
(960, 'Nawabganj', 30),
(961, 'Noida', 30),
(962, 'Obra', 30),
(963, 'Orai', 30),
(964, 'Pilibhit', 30),
(965, 'Pilkhuwa', 30),
(966, 'Rae Bareli', 30),
(967, 'Ramgarh Nagla Kothi', 30),
(968, 'Rampur', 30),
(969, 'Rath', 30),
(970, 'Renukut', 30),
(971, 'Saharanpur', 30),
(972, 'Sahaswan', 30),
(973, 'Sambhal', 30),
(974, 'Sandila', 30),
(975, 'Shahabad', 30),
(976, 'Shahjahanpur', 30),
(977, 'Shamli', 30),
(978, 'Sherkot', 30),
(979, 'Shikohabad', 30),
(980, 'Sikandarabad', 30),
(981, 'Sitapur', 30),
(982, 'Sukhmalpur Nizamabad', 30),
(983, 'Sultanpur', 30),
(984, 'Tanda', 30),
(985, 'Tilhar', 30),
(986, 'Tundla', 30),
(987, 'Ujhani', 30),
(988, 'Unnao', 30),
(989, 'Varanasi', 30),
(990, 'Vrindavan', 30),
(991, 'Dehra Dun', 31),
(992, 'Dehra Dun Cantonment', 31),
(993, 'Gola Range', 31),
(994, 'Haldwani', 31),
(995, 'Haridwar', 31),
(996, 'Kashipur', 31),
(997, 'Pithoragarh', 31),
(998, 'Rishikesh', 31),
(999, 'Rudrapur', 31),
(1000, 'Rurki', 31),
(1001, 'Bandipore', 14),
(1002, 'Baramula', 14),
(1003, 'Doda', 14),
(1004, 'Ganderbal', 14),
(1005, 'Handwara', 14),
(1006, 'Jammu', 14),
(1007, 'Kargil', 14),
(1008, 'Kathua', 14),
(1009, 'Kishtwar', 14),
(1010, 'Kulgam', 14),
(1011, 'Kupwara', 14),
(1012, 'Leh', 14),
(1013, 'Pulwama', 14),
(1014, 'Punch', 14),
(1015, 'Rajouri', 14),
(1016, 'Ramban', 14),
(1017, 'Reasi', 14),
(1018, 'Samba', 14),
(1019, 'Shopiyan', 14),
(1020, 'Sopore', 14),
(1021, 'Srinagar', 14),
(1022, 'Udhampur', 14),
(1023, 'Not Availble', 14),
(1024, 'Islamabad', 14);

-- --------------------------------------------------------

--
-- Table structure for table `ci_sessions`
--

CREATE TABLE `ci_sessions` (
  `id` varchar(128) NOT NULL,
  `ip_address` varchar(45) NOT NULL,
  `timestamp` int(10) UNSIGNED NOT NULL DEFAULT '0',
  `data` blob NOT NULL
) ENGINE=MyISAM DEFAULT CHARSET=utf8;

-- --------------------------------------------------------

--
-- Table structure for table `countries`
--

CREATE TABLE `countries` (
  `id` int(11) UNSIGNED NOT NULL,
  `country` varchar(200) NOT NULL,
  `country_code` varchar(5) NOT NULL
) ENGINE=InnoDB DEFAULT CHARSET=latin1;

--
-- Dumping data for table `countries`
--

INSERT INTO `countries` (`id`, `country`, `country_code`) VALUES
(1, 'India', 'in'),
(2, 'Nepal', 'ne'),
(3, 'Pakistan', 'pk');

-- --------------------------------------------------------

--
-- Table structure for table `denied_access`
--

CREATE TABLE `denied_access` (
  `ai` int(10) UNSIGNED NOT NULL,
  `ip_address` varchar(45) NOT NULL,
  `time` datetime NOT NULL,
  `reason_code` tinyint(1) UNSIGNED DEFAULT '0'
) ENGINE=MyISAM DEFAULT CHARSET=utf8;

-- --------------------------------------------------------

--
-- Table structure for table `donor_list`
--

CREATE TABLE `donor_list` (
  `id` int(11) UNSIGNED NOT NULL,
  `last_time_donated` date NOT NULL,
  `donated_with_ehsas` date NOT NULL,
  `name` varchar(150) NOT NULL,
  `gender` enum('male','female') DEFAULT NULL,
  `country` int(11) UNSIGNED NOT NULL,
  `state` int(11) UNSIGNED NOT NULL,
  `city` int(11) UNSIGNED NOT NULL,
  `address` text NOT NULL,
  `contact` varchar(15) NOT NULL,
  `alternate_contact` varchar(15) NOT NULL,
  `email` varchar(200) NOT NULL,
  `blood_group` varchar(15) NOT NULL,
  `nearby_hospital` varchar(200) NOT NULL,
  `how_you_know_us` varchar(255) NOT NULL,
  `timestamp` timestamp NOT NULL DEFAULT CURRENT_TIMESTAMP ON UPDATE CURRENT_TIMESTAMP,
  `pass` varchar(255) NOT NULL,
  `hash` varchar(255) NOT NULL
) ENGINE=InnoDB DEFAULT CHARSET=latin1;

--
-- Dumping data for table `donor_list`
--

INSERT INTO `donor_list` (`id`, `last_time_donated`, `donated_with_ehsas`, `name`, `gender`, `country`, `state`, `city`, `address`, `contact`, `alternate_contact`, `email`, `blood_group`, `nearby_hospital`, `how_you_know_us`, `timestamp`, `pass`, `hash`) VALUES
(4, '2017-12-31', '0000-00-00', 'hjhj', 'male', 1, 1, 1, '', '9999998888', '', 'aaa@aa.aaa', 'A Positive', '1', 'hjh', '2017-02-26 20:34:20', '698d51a19d8a121ce581499d7b701668', ''),
(5, '2017-01-01', '0000-00-00', 'aaa', 'male', 1, 3, 106, '', '9999999999', '', 'aaa@aa.aa', 'A Positive', '1', 'fb', '2017-02-26 22:45:46', '81dc9bdb52d04dc20036dbd8313ed055', ''),
(6, '2016-12-31', '0000-00-00', 'Amir', 'male', 1, 1, 1, '', '9999888877', '', 'amird@yopmail.com', 'A Positive', 'qqq', 'facebook', '2017-03-02 05:46:55', '698d51a19d8a121ce581499d7b701668', ''),
(7, '2016-12-31', '0000-00-00', 'Amir', 'male', 1, 1, 1, '', '8887776665', '', 'amirw@yopmail.com', 'A Positive', 'qqq', 'facebook', '2017-03-02 05:47:27', '698d51a19d8a121ce581499d7b701668', ''),
(8, '2016-12-31', '0000-00-00', 'Amir', 'male', 1, 1, 1, '', '2223334445', '', 'asddsa@yopmail.com', 'C Positive', 'qqq', 'facebook', '2017-03-14 06:22:23', '698d51a19d8a121ce581499d7b701668', ''),
(14, '2017-12-31', '0000-00-00', 'asim', 'male', 1, 2, 2, '', '9796167444', '', 'asim@yopmail.com', 'B Positive', 'qqq', 'fb', '2017-03-14 06:22:16', '698d51a19d8a121ce581499d7b701668', '');

-- --------------------------------------------------------

--
-- Table structure for table `hospital_list`
--

CREATE TABLE `hospital_list` (
  `id` int(11) UNSIGNED NOT NULL,
  `nearby_hospital` varchar(200) NOT NULL
) ENGINE=InnoDB DEFAULT CHARSET=latin1;

--
-- Dumping data for table `hospital_list`
--

INSERT INTO `hospital_list` (`id`, `nearby_hospital`) VALUES
(1, 'qqq'),
(2, 'rrr');

-- --------------------------------------------------------

--
-- Table structure for table `ips_on_hold`
--

CREATE TABLE `ips_on_hold` (
  `ai` int(10) UNSIGNED NOT NULL,
  `ip_address` varchar(45) NOT NULL,
  `time` datetime NOT NULL
) ENGINE=MyISAM DEFAULT CHARSET=utf8;

-- --------------------------------------------------------

--
-- Table structure for table `login_errors`
--

CREATE TABLE `login_errors` (
  `ai` int(10) UNSIGNED NOT NULL,
  `username_or_email` varchar(255) NOT NULL,
  `ip_address` varchar(45) NOT NULL,
  `time` datetime NOT NULL
) ENGINE=MyISAM DEFAULT CHARSET=utf8;

--
-- Dumping data for table `login_errors`
--

INSERT INTO `login_errors` (`ai`, `username_or_email`, `ip_address`, `time`) VALUES
(12, 'ash@ash.com', '127.0.0.1', '2017-03-14 07:16:35'),
(11, 'ash@ash.com', '127.0.0.1', '2017-03-14 07:16:29'),
(10, 'ash@ash.com', '127.0.0.1', '2017-03-14 07:16:06');

-- --------------------------------------------------------

--
-- Table structure for table `statelist`
--

CREATE TABLE `statelist` (
  `city_id` int(5) NOT NULL,
  `city_name` varchar(50) NOT NULL,
  `latitude` varchar(10) NOT NULL,
  `longitude` varchar(10) NOT NULL,
  `state` varchar(50) NOT NULL
) ENGINE=MyISAM DEFAULT CHARSET=latin1;

--
-- Dumping data for table `statelist`
--

INSERT INTO `statelist` (`city_id`, `city_name`, `latitude`, `longitude`, `state`) VALUES
(1, 'Port Blair', '11.67 N', '92.76 E', 'Andaman and Nicobar Islands'),
(2, 'Adilabad', '19.68 N', '78.53 E', 'Andhra Pradesh'),
(3, 'Adoni', '15.63 N', '77.28 E', 'Andhra Pradesh'),
(4, 'Alwal', '17.50 N', '78.54 E', 'Andhra Pradesh'),
(5, 'Anakapalle', '17.69 N', '83.00 E', 'Andhra Pradesh'),
(6, 'Anantapur', '14.70 N', '77.59 E', 'Andhra Pradesh'),
(7, 'Bapatla', '15.91 N', '80.47 E', 'Andhra Pradesh'),
(8, 'Belampalli', '19.06 N', '79.49 E', 'Andhra Pradesh'),
(9, 'Bhimavaram', '16.55 N', '81.53 E', 'Andhra Pradesh'),
(10, 'Bhongir', '17.52 N', '78.88 E', 'Andhra Pradesh'),
(11, 'Bobbili', '18.57 N', '83.37 E', 'Andhra Pradesh'),
(12, 'Bodhan', '18.66 N', '77.88 E', 'Andhra Pradesh'),
(13, 'Chilakalurupet', '16.10 N', '80.16 E', 'Andhra Pradesh'),
(14, 'Chinna Chawk', '14.47 N', '78.83 E', 'Andhra Pradesh'),
(15, 'Chirala', '15.84 N', '80.35 E', 'Andhra Pradesh'),
(16, 'Chittur', '13.22 N', '79.10 E', 'Andhra Pradesh'),
(17, 'Cuddapah', '14.48 N', '78.81 E', 'Andhra Pradesh'),
(18, 'Dharmavaram', '14.42 N', '77.71 E', 'Andhra Pradesh'),
(19, 'Dhone', '15.42 N', '77.88 E', 'Andhra Pradesh'),
(20, 'Eluru', '16.72 N', '81.11 E', 'Andhra Pradesh'),
(21, 'Gaddiannaram', '17.36 N', '78.52 E', 'Andhra Pradesh'),
(22, 'Gadwal', '16.23 N', '77.80 E', 'Andhra Pradesh'),
(23, 'Gajuwaka', '17.70 N', '83.21 E', 'Andhra Pradesh'),
(24, 'Gudivada', '16.44 N', '81.00 E', 'Andhra Pradesh'),
(25, 'Gudur', '14.15 N', '79.84 E', 'Andhra Pradesh'),
(26, 'Guntakal', '15.18 N', '77.37 E', 'Andhra Pradesh'),
(27, 'Guntur', '16.31 N', '80.44 E', 'Andhra Pradesh'),
(28, 'Hindupur', '13.83 N', '77.48 E', 'Andhra Pradesh'),
(29, 'Hyderabad', '17.40 N', '78.48 E', 'Andhra Pradesh'),
(30, 'Jagtial', '18.80 N', '78.91 E', 'Andhra Pradesh'),
(31, 'Kadiri', '14.12 N', '78.16 E', 'Andhra Pradesh'),
(32, 'Kagaznagar', '19.34 N', '79.48 E', 'Andhra Pradesh'),
(33, 'Kakinada', '16.96 N', '82.24 E', 'Andhra Pradesh'),
(34, 'Kallur', '15.69 N', '77.77 E', 'Andhra Pradesh'),
(35, 'Kamareddi', '18.32 N', '78.35 E', 'Andhra Pradesh'),
(36, 'Kapra', '17.37 N', '78.48 E', 'Andhra Pradesh'),
(37, 'Karimnagar', '18.45 N', '79.13 E', 'Andhra Pradesh'),
(38, 'Karnul', '15.83 N', '78.03 E', 'Andhra Pradesh'),
(39, 'Kavali', '14.92 N', '79.99 E', 'Andhra Pradesh'),
(40, 'Khammam', '17.25 N', '80.15 E', 'Andhra Pradesh'),
(41, 'Kodar', '16.98 N', '79.97 E', 'Andhra Pradesh'),
(42, 'Kondukur', '15.22 N', '79.91 E', 'Andhra Pradesh'),
(43, 'Koratla', '18.82 N', '78.72 E', 'Andhra Pradesh'),
(44, 'Kottagudem', '17.56 N', '80.64 E', 'Andhra Pradesh'),
(45, 'Kukatpalle', '17.49 N', '78.41 E', 'Andhra Pradesh'),
(46, 'Lalbahadur Nagar', '17.43 N', '78.50 E', 'Andhra Pradesh'),
(47, 'Machilipatnam', '16.19 N', '81.14 E', 'Andhra Pradesh'),
(48, 'Mahbubnagar', '16.74 N', '77.98 E', 'Andhra Pradesh'),
(49, 'Malkajgiri', '17.55 N', '78.59 E', 'Andhra Pradesh'),
(50, 'Mancheral', '18.88 N', '79.45 E', 'Andhra Pradesh'),
(51, 'Mandamarri', '18.97 N', '79.47 E', 'Andhra Pradesh'),
(52, 'Mangalagiri', '16.44 N', '80.56 E', 'Andhra Pradesh'),
(53, 'Markapur', '15.73 N', '79.28 E', 'Andhra Pradesh'),
(54, 'Miryalaguda', '16.87 N', '79.57 E', 'Andhra Pradesh'),
(55, 'Nalgonda', '17.06 N', '79.26 E', 'Andhra Pradesh'),
(56, 'Nandyal', '15.49 N', '78.48 E', 'Andhra Pradesh'),
(57, 'Narasapur', '16.45 N', '81.70 E', 'Andhra Pradesh'),
(58, 'Narasaraopet', '16.24 N', '80.04 E', 'Andhra Pradesh'),
(59, 'Nellur', '14.46 N', '79.98 E', 'Andhra Pradesh'),
(60, 'Nirmal', '19.12 N', '78.35 E', 'Andhra Pradesh'),
(61, 'Nizamabad', '18.68 N', '78.10 E', 'Andhra Pradesh'),
(62, 'Nuzvid', '16.78 N', '80.85 E', 'Andhra Pradesh'),
(63, 'Ongole', '15.50 N', '80.05 E', 'Andhra Pradesh'),
(64, 'Palakollu', '16.52 N', '81.75 E', 'Andhra Pradesh'),
(65, 'Palasa', '18.77 N', '84.42 E', 'Andhra Pradesh'),
(66, 'Palwancha', '17.60 N', '80.68 E', 'Andhra Pradesh'),
(67, 'Patancheru', '17.53 N', '78.27 E', 'Andhra Pradesh'),
(68, 'Piduguralla', '16.48 N', '79.90 E', 'Andhra Pradesh'),
(69, 'Ponnur', '16.07 N', '80.56 E', 'Andhra Pradesh'),
(70, 'Proddatur', '14.73 N', '78.55 E', 'Andhra Pradesh'),
(71, 'Qutubullapur', '17.43 N', '78.47 E', 'Andhra Pradesh'),
(72, 'Rajamahendri', '17.02 N', '81.79 E', 'Andhra Pradesh'),
(73, 'Rajampet', '14.18 N', '79.17 E', 'Andhra Pradesh'),
(74, 'Rajendranagar', '17.29 N', '78.39 E', 'Andhra Pradesh'),
(75, 'Ramachandrapuram', '17.56 N', '78.04 E', 'Andhra Pradesh'),
(76, 'Ramagundam', '18.80 N', '79.45 E', 'Andhra Pradesh'),
(77, 'Rayachoti', '14.05 N', '78.75 E', 'Andhra Pradesh'),
(78, 'Rayadrug', '14.70 N', '76.87 E', 'Andhra Pradesh'),
(79, 'Samalkot', '17.06 N', '82.18 E', 'Andhra Pradesh'),
(80, 'Sangareddi', '17.63 N', '78.08 E', 'Andhra Pradesh'),
(81, 'Sattenapalle', '16.40 N', '80.18 E', 'Andhra Pradesh'),
(82, 'Serilungampalle', '17.48 N', '78.33 E', 'Andhra Pradesh'),
(83, 'Siddipet', '18.11 N', '78.84 E', 'Andhra Pradesh'),
(84, 'Sikandarabad', '17.47 N', '78.52 E', 'Andhra Pradesh'),
(85, 'Sirsilla', '18.40 N', '78.81 E', 'Andhra Pradesh'),
(86, 'Srikakulam', '18.30 N', '83.90 E', 'Andhra Pradesh'),
(87, 'Srikalahasti', '13.76 N', '79.70 E', 'Andhra Pradesh'),
(88, 'Suriapet', '17.15 N', '79.62 E', 'Andhra Pradesh'),
(89, 'Tadepalle', '16.48 N', '80.60 E', 'Andhra Pradesh'),
(90, 'Tadepallegudem', '16.82 N', '81.52 E', 'Andhra Pradesh'),
(91, 'Tadpatri', '14.91 N', '78.00 E', 'Andhra Pradesh'),
(92, 'Tandur', '17.25 N', '77.58 E', 'Andhra Pradesh'),
(93, 'Tanuku', '16.75 N', '81.69 E', 'Andhra Pradesh'),
(94, 'Tenali', '16.24 N', '80.65 E', 'Andhra Pradesh'),
(95, 'Tirupati', '13.63 N', '79.41 E', 'Andhra Pradesh'),
(96, 'Tuni', '17.35 N', '82.55 E', 'Andhra Pradesh'),
(97, 'Uppal Kalan', '17.38 N', '78.55 E', 'Andhra Pradesh'),
(98, 'Vijayawada', '16.52 N', '80.63 E', 'Andhra Pradesh'),
(99, 'Vinukonda', '16.05 N', '79.75 E', 'Andhra Pradesh'),
(100, 'Visakhapatnam', '17.73 N', '83.30 E', 'Andhra Pradesh'),
(101, 'Vizianagaram', '18.12 N', '83.40 E', 'Andhra Pradesh'),
(102, 'Vuyyuru', '16.37 N', '80.85 E', 'Andhra Pradesh'),
(103, 'Wanparti', '16.37 N', '78.07 E', 'Andhra Pradesh'),
(104, 'Warangal', '18.01 N', '79.58 E', 'Andhra Pradesh'),
(105, 'Yemmiganur', '15.73 N', '77.48 E', 'Andhra Pradesh'),
(106, 'Itanagar', '27.14 N', '93.61 E', 'Arunachal Pradesh'),
(107, 'Barpeta', '26.32 N', '91.00 E', 'Assam'),
(108, 'Bongaigaon', '26.48 N', '90.54 E', 'Assam'),
(109, 'Dhuburi', '26.03 N', '89.97 E', 'Assam'),
(110, 'Dibrugarh', '27.49 N', '94.91 E', 'Assam'),
(111, 'Diphu', '25.84 N', '93.43 E', 'Assam'),
(112, 'Guwahati', '26.19 N', '91.75 E', 'Assam'),
(113, 'Jorhat', '26.76 N', '94.20 E', 'Assam'),
(114, 'Karimganj', '24.85 N', '92.36 E', 'Assam'),
(115, 'Lakhimpur', '27.24 N', '94.10 E', 'Assam'),
(116, 'Lanka', '25.93 N', '92.95 E', 'Assam'),
(117, 'Nagaon', '26.35 N', '92.68 E', 'Assam'),
(118, 'Sibsagar', '26.99 N', '94.63 E', 'Assam'),
(119, 'Silchar', '24.83 N', '92.77 E', 'Assam'),
(120, 'Tezpur', '26.63 N', '92.79 E', 'Assam'),
(121, 'Tinsukia', '27.50 N', '95.36 E', 'Assam'),
(122, 'Alipur Duar', '26.50 N', '89.53 E', 'West Bengal'),
(123, 'Arambagh', '22.88 N', '87.78 E', 'West Bengal'),
(124, 'Asansol', '23.69 N', '86.98 E', 'West Bengal'),
(125, 'Ashoknagar Kalyangarh', '22.84 N', '88.63 E', 'West Bengal'),
(126, 'Baharampur', '24.10 N', '88.24 E', 'West Bengal'),
(127, 'Baidyabati', '22.79 N', '88.33 E', 'West Bengal'),
(128, 'Baj Baj', '22.48 N', '88.17 E', 'West Bengal'),
(129, 'Bally', '22.65 N', '88.35 E', 'West Bengal'),
(130, 'Bally Cantonment', '22.65 N', '88.36 E', 'West Bengal'),
(131, 'Balurghat', '25.23 N', '88.77 E', 'West Bengal'),
(132, 'Bangaon', '23.05 N', '88.83 E', 'West Bengal'),
(133, 'Bankra', '22.58 N', '88.31 E', 'West Bengal'),
(134, 'Bankura', '23.24 N', '87.07 E', 'West Bengal'),
(135, 'Bansbaria', '22.95 N', '88.40 E', 'West Bengal'),
(136, 'Baranagar', '22.64 N', '88.37 E', 'West Bengal'),
(137, 'Barddhaman', '23.24 N', '87.86 E', 'West Bengal'),
(138, 'Basirhat', '22.66 N', '88.86 E', 'West Bengal'),
(139, 'Bhadreswar', '22.84 N', '88.35 E', 'West Bengal'),
(140, 'Bhatpara', '22.89 N', '88.42 E', 'West Bengal'),
(141, 'Bidhannagar', '22.57 N', '88.42 E', 'West Bengal'),
(142, 'Binnaguri', '26.74 N', '89.037 E', 'West Bengal'),
(143, 'Bishnupur', '23.08 N', '87.33 E', 'West Bengal'),
(144, 'Bolpur', '23.67 N', '87.70 E', 'West Bengal'),
(145, 'Calcutta', '22.57 N', '88.36 E', 'West Bengal'),
(146, 'Chakdaha', '22.48 N', '88.35 E', 'West Bengal'),
(147, 'Champdani', '22.81 N', '88.34 E', 'West Bengal'),
(148, 'Chandannagar', '22.89 N', '88.37 E', 'West Bengal'),
(149, 'Contai', '21.79 N', '87.75 E', 'West Bengal'),
(150, 'Dabgram', '', '', 'West Bengal'),
(151, 'Darjiling', '27.05 N', '88.26 E', 'West Bengal'),
(152, 'Dhulian', '24.68 N', '87.97 E', 'West Bengal'),
(153, 'Dinhata', '26.13 N', '89.47 E', 'West Bengal'),
(154, 'Dum Dum', '22.63 N', '88.42 E', 'West Bengal'),
(155, 'Durgapur', '23.50 N', '87.31 E', 'West Bengal'),
(156, 'Gangarampur', '25.40 N', '88.52 E', 'West Bengal'),
(157, 'Garulia', '22.83 N', '88.37 E', 'West Bengal'),
(158, 'Gayespur', '22.98 N', '88.51 E', 'West Bengal'),
(159, 'Ghatal', '22.67 N', '87.72 E', 'West Bengal'),
(160, 'Gopalpur', '', '', 'West Bengal'),
(161, 'Habra', '22.84 N', '88.62 E', 'West Bengal'),
(162, 'Halisahar', '22.95 N', '88.42 E', 'West Bengal'),
(163, 'Haora', '22.58 N', '88.33 E', 'West Bengal'),
(164, 'HugliChunchura', '22.91 N', '88.40 E', 'West Bengal'),
(165, 'Ingraj Bazar', '25.01 N', '88.14 E', 'West Bengal'),
(166, 'Islampur', '26.27 N', '88.20 E', 'West Bengal'),
(167, 'Jalpaiguri', '26.53 N', '88.71 E', 'West Bengal'),
(168, 'Jamuria', '23.70 N', '87.08 E', 'West Bengal'),
(169, 'Jangipur', '24.47 N', '88.07 E', 'West Bengal'),
(170, 'Jhargram', '22.45 N', '86.98 E', 'West Bengal'),
(171, 'Kaliyaganj', '25.63 N', '88.32 E', 'West Bengal'),
(172, 'Kalna', '23.22 N', '88.37 E', 'West Bengal'),
(173, 'Kalyani', '22.98 N', '88.48 E', 'West Bengal'),
(174, 'Kamarhati', '22.67 N', '88.37 E', 'West Bengal'),
(175, 'Kanchrapara', '22.95 N', '88.45 E', 'West Bengal'),
(176, 'Kandi', '23.95 N', '88.03 E', 'West Bengal'),
(177, 'Karsiyang', '26.88 N', '88.28 E', 'West Bengal'),
(178, 'Katwa', '23.65 N', '88.13 E', 'West Bengal'),
(179, 'Kharagpur', '22.34 N', '87.31 E', 'West Bengal'),
(180, 'Kharagpur Railway Settlement', '22.34 N', '87.26 E', 'West Bengal'),
(181, 'Khardaha', '22.73 N', '88.38 E', 'West Bengal'),
(182, 'Kharia', '', '', 'West Bengal'),
(183, 'Koch Bihar', '26.33 N', '89.46 E', 'West Bengal'),
(184, 'Konnagar', '22.70 N', '88.36 E', 'West Bengal'),
(185, 'Krishnanagar', '23.41 N', '88.51 E', 'West Bengal'),
(186, 'Kulti', '23.72 N', '86.89 E', 'West Bengal'),
(187, 'Madhyamgram', '22.70 N', '88.45 E', 'West Bengal'),
(188, 'Maheshtala', '22.51 N', '88.23 E', 'West Bengal'),
(189, 'Memari', '23.20 N', '88.12 E', 'West Bengal'),
(190, 'Midnapur', '22.33 N', '87.15 E', 'West Bengal'),
(191, 'Naihati', '22.91 N', '88.43 E', 'West Bengal'),
(192, 'Navadwip', '23.42 N', '88.37 E', 'West Bengal'),
(193, 'Ni Barakpur', '22.77 N', '88.36 E', 'West Bengal'),
(194, 'North Barakpur', '22.78 N', '88.37 E', 'West Bengal'),
(195, 'North Dum Dum', '22.64 N', '88.41 E', 'West Bengal'),
(196, 'Old Maldah', '', '', 'West Bengal'),
(197, 'Panihati', '22.69 N', '88.37 E', 'West Bengal'),
(198, 'Phulia', '23.24 N', '88.50 E', 'West Bengal'),
(199, 'Pujali', '22.47 N', '88.15 E', 'West Bengal'),
(200, 'Puruliya', '23.34 N', '86.36 E', 'West Bengal'),
(201, 'Raiganj', '25.62 N', '88.12 E', 'West Bengal'),
(202, 'Rajpur', '22.44 N', '88.44 E', 'West Bengal'),
(203, 'Rampur Hat', '24.17 N', '87.78 E', 'West Bengal'),
(204, 'Ranaghat', '23.19 N', '88.58 E', 'West Bengal'),
(205, 'Raniganj', '23.62 N', '87.11 E', 'West Bengal'),
(206, 'Rishra', '22.71 N', '88.36 E', 'West Bengal'),
(207, 'Shantipur', '23.26 N', '88.44 E', 'West Bengal'),
(208, 'Shiliguri', '26.73 N', '88.42 E', 'West Bengal'),
(209, 'Shrirampur', '22.74 N', '88.35 E', 'West Bengal'),
(210, 'Siuri', '23.91 N', '87.53 E', 'West Bengal'),
(211, 'South Dum Dum', '22.61 N', '88.41 E', 'West Bengal'),
(212, 'Titagarh', '22.74 N', '88.38 E', 'West Bengal'),
(213, 'Ulubaria', '22.47 N', '88.11 E', 'West Bengal'),
(214, 'UttarparaKotrung', '22.66 N', '88.35 E', 'West Bengal'),
(215, 'Araria', '26.15 N', '87.52 E', 'Bihar'),
(216, 'Arrah', '25.56 N', '84.66 E', 'Bihar'),
(217, 'Aurangabad', '24.75 N', '84.37 E', 'Bihar'),
(218, 'Bagaha', '27.10 N', '84.09 E', 'Bihar'),
(219, 'Begusarai', '25.42 N', '86.12 E', 'Bihar'),
(220, 'Bettiah', '26.81 N', '84.50 E', 'Bihar'),
(221, 'Bhabua', '25.05 N', '83.62 E', 'Bihar'),
(222, 'Bhagalpur', '25.26 N', '86.98 E', 'Bihar'),
(223, 'Bihar', '25.21 N', '85.52 E', 'Bihar'),
(224, 'Buxar', '25.58 N', '83.98 E', 'Bihar'),
(225, 'Chhapra', '25.78 N', '84.72 E', 'Bihar'),
(226, 'Darbhanga', '26.16 N', '85.88 E', 'Bihar'),
(227, 'Dehri', '24.91 N', '84.18 E', 'Bihar'),
(228, 'DighaMainpura', '', '', 'Bihar'),
(229, 'Dinapur', '25.64 N', '85.04 E', 'Bihar'),
(230, 'Dumraon', '25.55 N', '84.15 E', 'Bihar'),
(231, 'Gaya', '24.81 N', '85.00 E', 'Bihar'),
(232, 'Gopalganj', '26.47 N', '84.43 E', 'Bihar'),
(233, 'Goura', '', '', 'Bihar'),
(234, 'Hajipur', '', '', 'Bihar'),
(235, 'Jahanabad', '25.22 N', '84.98 E', 'Bihar'),
(236, 'Jamalpur', '25.32 N', '86.48 E', 'Bihar'),
(237, 'Jamui', '24.92 N', '86.22 E', 'Bihar'),
(238, 'Katihar', '25.55 N', '87.57 E', 'Bihar'),
(239, 'Khagaria', '25.50 N', '86.48 E', 'Bihar'),
(240, 'Khagaul', '25.58 N', '85.05 E', 'Bihar'),
(241, 'Kishanganj', '26.11 N', '87.95 E', 'Bihar'),
(242, 'Lakhisarai', '25.18 N', '86.09 E', 'Bihar'),
(243, 'Madhipura', '25.92 N', '86.78 E', 'Bihar'),
(244, 'Madhubani', '26.37 N', '86.06 E', 'Bihar'),
(245, 'Masaurhi', '25.35 N', '85.03 E', 'Bihar'),
(246, 'Mokama', '25.40 N', '85.92 E', 'Bihar'),
(247, 'Motihari', '26.66 N', '84.91 E', 'Bihar'),
(248, 'Munger', '25.39 N', '86.47 E', 'Bihar'),
(249, 'Muzaffarpur', '26.13 N', '85.38 E', 'Bihar'),
(250, 'Nawada', '24.88 N', '85.54 E', 'Bihar'),
(251, 'Patna', '25.62 N', '85.13 E', 'Bihar'),
(252, 'Phulwari', '25.60 N', '85.13 E', 'Bihar'),
(253, 'Purnia', '25.78 N', '87.47 E', 'Bihar'),
(254, 'Raxaul', '26.98 N', '84.85 E', 'Bihar'),
(255, 'Saharsa', '25.88 N', '86.59 E', 'Bihar'),
(256, 'Samastipur', '25.85 N', '85.78 E', 'Bihar'),
(257, 'Sasaram', '24.96 N', '84.01 E', 'Bihar'),
(258, 'Sitamarhi', '26.61 N', '85.48 E', 'Bihar'),
(259, 'Siwan', '26.23 N', '84.35 E', 'Bihar'),
(260, 'Supaul', '26.12 N', '86.60 E', 'Bihar'),
(261, 'Chandigarh', '30.75 N', '76.78 E', 'Chandigarh'),
(262, 'Ambikapur', '23.13 N', '83.20 E', 'Chhattisgarh'),
(263, 'Bhilai', '21.21 N', '81.38 E', 'Chhattisgarh'),
(264, 'Bilaspur', '22.09 N', '82.15 E', 'Chhattisgarh'),
(265, 'Charoda', '21.23 N', '81.50 E', 'Chhattisgarh'),
(266, 'Chirmiri', '23.21 N', '82.41 E', 'Chhattisgarh'),
(267, 'Dhamtari', '20.71 N', '81.55 E', 'Chhattisgarh'),
(268, 'Durg', '21.20 N', '81.28 E', 'Chhattisgarh'),
(269, 'Jagdalpur', '19.09 N', '82.03 E', 'Chhattisgarh'),
(270, 'Korba', '22.35 N', '82.69 E', 'Chhattisgarh'),
(271, 'Raigarh', '21.90 N', '83.39 E', 'Chhattisgarh'),
(272, 'Raipur', '21.24 N', '81.63 E', 'Chhattisgarh'),
(273, 'Rajnandgaon', '21.10 N', '81.04 E', 'Chhattisgarh'),
(274, 'Bhalswa Jahangirpur', '28.74 N', '77.17 E', 'Delhi'),
(275, 'Burari', '', '', 'Delhi'),
(276, 'Chilla Saroda Bangar', '', '', 'Delhi'),
(277, 'Dallo Pura', '', '', 'Delhi'),
(278, 'Delhi', '28.67 N', '77.21 E', 'Delhi'),
(279, 'Deoli', '28.49 N', '77.22 E', 'Delhi'),
(280, 'Dilli Cantonment', '28.57 N', '77.16 E', 'Delhi'),
(281, 'Gharoli', '', '', 'Delhi'),
(282, 'Gokalpur', '28.71 N', '77.28 E', 'Delhi'),
(283, 'Hastsal', '', '', 'Delhi'),
(284, 'Jaffrabad', '', '', 'Delhi'),
(285, 'Karawal Nagar', '', '', 'Delhi'),
(286, 'Khajuri Khas', '', '', 'Delhi'),
(287, 'Kirari Suleman Nagar', '', '', 'Delhi'),
(288, 'Mandoli', '', '', 'Delhi'),
(289, 'Mithe Pur', '', '', 'Delhi'),
(290, 'Molarband', '', '', 'Delhi'),
(291, 'Mundka', '', '', 'Delhi'),
(292, 'Mustafabad', '', '', 'Delhi'),
(293, 'Nangloi Jat', '28.68 N', '77.07 E', 'Delhi'),
(294, 'Ni Dilli', '28.60 N', '77.22 E', 'Delhi'),
(295, 'Pul Pehlad', '', '', 'Delhi'),
(296, 'Puth Kalan', '', '', 'Delhi'),
(297, 'Roshan Pura', '28.60 N', '76.99 E', 'Delhi'),
(298, 'Sadat Pur Gujran', '', '', 'Delhi'),
(299, 'Sultanpur Majra', '28.76 N', '77.06 E', 'Delhi'),
(300, 'Tajpul', '', '', 'Delhi'),
(301, 'Tigri', '28.50 N', '77.22 E', 'Delhi'),
(302, 'Ziauddin Pur', '', '', 'Delhi'),
(303, 'Madgaon', '15.28 N', '73.94 E', 'Goa'),
(304, 'Mormugao', '15.42 N', '73.78 E', 'Goa'),
(305, 'Panaji', '15.50 N', '73.81 E', 'Goa'),
(306, 'Ahmadabad', '23.03 N', '72.58 E', 'Gujarat'),
(307, 'Amreli', '21.61 N', '71.22 E', 'Gujarat'),
(308, 'Anand', '22.56 N', '72.95 E', 'Gujarat'),
(309, 'Anjar', '23.12 N', '70.02 E', 'Gujarat'),
(310, 'Bardoli', '21.12 N', '73.12 E', 'Gujarat'),
(311, 'Bharuch', '21.71 N', '72.97 E', 'Gujarat'),
(312, 'Bhavnagar', '21.79 N', '72.13 E', 'Gujarat'),
(313, 'Bhuj', '23.26 N', '69.66 E', 'Gujarat'),
(314, 'Borsad', '22.42 N', '72.90 E', 'Gujarat'),
(315, 'Botad', '22.18 N', '71.66 E', 'Gujarat'),
(316, 'Chandkheda', '23.15 N', '72.61 E', 'Gujarat'),
(317, 'Chandlodiya', '23.10 N', '72.56 E', 'Gujarat'),
(318, 'Dabhoi', '22.13 N', '73.41 E', 'Gujarat'),
(319, 'Dahod', '22.84 N', '74.25 E', 'Gujarat'),
(320, 'Dholka', '22.74 N', '72.44 E', 'Gujarat'),
(321, 'Dhoraji', '21.74 N', '70.44 E', 'Gujarat'),
(322, 'Dhrangadhra', '23.00 N', '71.46 E', 'Gujarat'),
(323, 'Disa', '24.26 N', '72.18 E', 'Gujarat'),
(324, 'Gandhidham', '23.07 N', '70.13 E', 'Gujarat'),
(325, 'Gandhinagar', '23.30 N', '72.63 E', 'Gujarat'),
(326, 'Ghatlodiya', '23.05 N', '72.55 E', 'Gujarat'),
(327, 'Godhra', '22.77 N', '73.60 E', 'Gujarat'),
(328, 'Gondal', '21.97 N', '70.80 E', 'Gujarat'),
(329, 'Himatnagar', '23.60 N', '72.96 E', 'Gujarat'),
(330, 'Jamnagar', '22.47 N', '70.07 E', 'Gujarat'),
(331, 'Jamnagar', '', '', 'Gujarat'),
(332, 'Jetpur', '21.75 N', '70.61 E', 'Gujarat'),
(333, 'Junagadh', '21.52 N', '70.45 E', 'Gujarat'),
(334, 'Kalol', '23.25 N', '72.49 E', 'Gujarat'),
(335, 'Keshod', '21.31 N', '70.23 E', 'Gujarat'),
(336, 'Khambhat', '22.32 N', '72.61 E', 'Gujarat'),
(337, 'Kundla', '21.35 N', '71.30 E', 'Gujarat'),
(338, 'Mahuva', '21.10 N', '71.75 E', 'Gujarat'),
(339, 'Mangrol', '21.12 N', '70.12 E', 'Gujarat'),
(340, 'Modasa', '23.47 N', '73.30 E', 'Gujarat'),
(341, 'Morvi', '22.82 N', '70.83 E', 'Gujarat'),
(342, 'Nadiad', '22.70 N', '72.85 E', 'Gujarat'),
(343, 'Navagam Ghed', '', '', 'Gujarat'),
(344, 'Navsari', '20.96 N', '72.92 E', 'Gujarat'),
(345, 'Palitana', '21.52 N', '71.83 E', 'Gujarat'),
(346, 'Patan', '23.86 N', '72.11 E', 'Gujarat'),
(347, 'Porbandar', '21.65 N', '69.60 E', 'Gujarat'),
(348, 'Puna', '', '', 'Gujarat'),
(349, 'Rajkot', '22.31 N', '70.79 E', 'Gujarat'),
(350, 'Ramod', '', '', 'Gujarat'),
(351, 'Ranip', '23.03 N', '72.54 E', 'Gujarat'),
(352, 'Siddhapur', '23.92 N', '72.37 E', 'Gujarat'),
(353, 'Sihor', '21.70 N', '71.97 E', 'Gujarat'),
(354, 'Surat', '21.20 N', '72.82 E', 'Gujarat'),
(355, 'Surendranagar', '22.71 N', '71.67 E', 'Gujarat'),
(356, 'Thaltej', '', '', 'Gujarat'),
(357, 'Una', '20.82 N', '71.03 E', 'Gujarat'),
(358, 'Unjha', '23.81 N', '72.38 E', 'Gujarat'),
(359, 'Upleta', '21.75 N', '70.27 E', 'Gujarat'),
(360, 'Vadodara', '22.31 N', '73.18 E', 'Gujarat'),
(361, 'Valsad', '20.62 N', '72.92 E', 'Gujarat'),
(362, 'Vapi', '20.37 N', '72.90 E', 'Gujarat'),
(363, 'Vastral', '', '', 'Gujarat'),
(364, 'Vejalpur', '', '', 'Gujarat'),
(365, 'Veraval', '20.92 N', '70.34 E', 'Gujarat'),
(366, 'Vijalpor', '', '', 'Gujarat'),
(367, 'Visnagar', '23.71 N', '72.54 E', 'Gujarat'),
(368, 'Wadhwan', '22.73 N', '71.72 E', 'Gujarat'),
(369, 'Ambala', '30.38 N', '76.77 E', 'Haryana'),
(370, 'Ambala Cantonment', '30.39 N', '76.86 E', 'Haryana'),
(371, 'Ambala Sadar', '30.35 N', '76.84 E', 'Haryana'),
(372, 'Bahadurgarh', '28.69 N', '76.92 E', 'Haryana'),
(373, 'Bhiwani', '28.81 N', '76.12 E', 'Haryana'),
(374, 'Charkhi Dadri', '28.60 N', '76.27 E', 'Haryana'),
(375, 'Dabwali', '29.95 N', '74.73 E', 'Haryana'),
(376, 'Faridabad', '28.38 N', '77.30 E', 'Haryana'),
(377, 'Gohana', '29.13 N', '76.70 E', 'Haryana'),
(378, 'Hisar', '29.17 N', '75.72 E', 'Haryana'),
(379, 'Jagadhri', '30.18 N', '77.29 E', 'Haryana'),
(380, 'Jind', '29.31 N', '76.30 E', 'Haryana'),
(381, 'Kaithal', '29.81 N', '76.40 E', 'Haryana'),
(382, 'Karnal', '29.69 N', '76.97 E', 'Haryana'),
(383, 'Narnaul', '28.04 N', '76.10 E', 'Haryana'),
(384, 'Narwana', '29.62 N', '76.12 E', 'Haryana'),
(385, 'Palwal', '28.15 N', '77.32 E', 'Haryana'),
(386, 'Panchkula', '30.70 N', '76.88 E', 'Haryana'),
(387, 'Panipat', '29.39 N', '76.96 E', 'Haryana'),
(388, 'Rewari', '28.19 N', '76.60 E', 'Haryana'),
(389, 'Rohtak', '28.90 N', '76.58 E', 'Haryana'),
(390, 'Sirsa', '29.53 N', '75.03 E', 'Haryana'),
(391, 'Sonipat', '28.99 N', '77.01 E', 'Haryana'),
(392, 'Thanesar', '29.98 N', '76.82 E', 'Haryana'),
(393, 'Tohana', '29.70 N', '75.90 E', 'Haryana'),
(394, 'Yamunanagar', '30.14 N', '77.28 E', 'Haryana'),
(395, 'Shimla', '31.11 N', '77.16 E', 'Himachal Pradesh'),
(396, 'Anantnag', '33.73 N', '75.15 E', 'Jammu and Kashmir'),
(397, 'Baramula', '34.20 N', '74.35 E', 'Jammu and Kashmir'),
(398, 'Bari Brahmana', '', '', 'Jammu and Kashmir'),
(399, 'Jammu', '32.71 N', '74.85 E', 'Jammu and Kashmir'),
(400, 'Kathua', '32.37 N', '75.52 E', 'Jammu and Kashmir'),
(401, 'Sopur', '34.30 N', '74.47 E', 'Jammu and Kashmir'),
(402, 'Srinagar', '34.09 N', '74.79 E', 'Jammu and Kashmir'),
(403, 'Udhampur', '32.93 N', '75.13 E', 'Jammu and Kashmir'),
(404, 'Adityapur', '22.80 N', '86.04 E', 'Jharkhand'),
(405, 'Bagbahra', '22.82 N', '86.20 E', 'Jharkhand'),
(406, 'Bhuli', '23.79 N', '86.38 E', 'Jharkhand'),
(407, 'Bokaro', '23.78 N', '85.96 E', 'Jharkhand'),
(408, 'Chaibasa', '22.56 N', '85.80 E', 'Jharkhand'),
(409, 'Chas', '23.65 N', '86.17 E', 'Jharkhand'),
(410, 'Daltenganj', '24.05 N', '84.06 E', 'Jharkhand'),
(411, 'Devghar', '24.49 N', '86.69 E', 'Jharkhand'),
(412, 'Dhanbad', '23.80 N', '86.42 E', 'Jharkhand'),
(413, 'Hazaribag', '24.01 N', '85.36 E', 'Jharkhand'),
(414, 'Jamshedpur', '22.79 N', '86.20 E', 'Jharkhand'),
(415, 'Jharia', '23.76 N', '86.42 E', 'Jharkhand'),
(416, 'Jhumri Tilaiya', '24.43 N', '85.52 E', 'Jharkhand'),
(417, 'Jorapokhar', '23.79 N', '86.36 E', 'Jharkhand'),
(418, 'Katras', '23.80 N', '86.28 E', 'Jharkhand'),
(419, 'Lohardaga', '23.43 N', '84.68 E', 'Jharkhand'),
(420, 'Mango', '22.85 N', '86.21 E', 'Jharkhand'),
(421, 'Phusro', '23.68 N', '85.86 E', 'Jharkhand'),
(422, 'Ramgarh', '23.63 N', '85.51 E', 'Jharkhand'),
(423, 'Ranchi', '23.36 N', '85.33 E', 'Jharkhand'),
(424, 'Sahibganj', '25.25 N', '87.62 E', 'Jharkhand'),
(425, 'Saunda', '23.64 N', '85.37 E', 'Jharkhand'),
(426, 'Sindari', '23.68 N', '86.49 E', 'Jharkhand'),
(427, 'Bagalkot', '16.19 N', '75.69 E', 'Karnataka'),
(428, 'Bangalore', '12.97 N', '77.56 E', 'Karnataka'),
(429, 'Basavakalyan', '17.87 N', '76.95 E', 'Karnataka'),
(430, 'Belgaum', '15.86 N', '74.50 E', 'Karnataka'),
(431, 'Bellary', '15.14 N', '76.91 E', 'Karnataka'),
(432, 'Bhadravati', '13.84 N', '75.69 E', 'Karnataka'),
(433, 'Bidar', '17.92 N', '77.52 E', 'Karnataka'),
(434, 'Bijapur', '16.83 N', '75.71 E', 'Karnataka'),
(435, 'Bommanahalli', '13.01 N', '77.63 E', 'Karnataka'),
(436, 'Byatarayanapura', '', '', 'Karnataka'),
(437, 'Challakere', '14.32 N', '76.65 E', 'Karnataka'),
(438, 'Chamrajnagar', '11.92 N', '76.95 E', 'Karnataka'),
(439, 'Channapatna', '12.66 N', '77.19 E', 'Karnataka'),
(440, 'Chik Ballapur', '13.47 N', '77.73 E', 'Karnataka'),
(441, 'Chikmagalur', '13.32 N', '75.76 E', 'Karnataka'),
(442, 'Chintamani', '13.40 N', '78.05 E', 'Karnataka'),
(443, 'Chitradurga', '14.23 N', '76.39 E', 'Karnataka'),
(444, 'Dasarahalli', '13.01 N', '77.49 E', 'Karnataka'),
(445, 'Davanagere', '14.46 N', '75.92 E', 'Karnataka'),
(446, 'Dod Ballapur', '13.30 N', '77.52 E', 'Karnataka'),
(447, 'Gadag', '15.44 N', '75.63 E', 'Karnataka'),
(448, 'Gangawati', '15.44 N', '76.52 E', 'Karnataka'),
(449, 'Gokak', '16.18 N', '74.81 E', 'Karnataka'),
(450, 'Gulbarga', '17.34 N', '76.82 E', 'Karnataka'),
(451, 'Harihar', '14.52 N', '75.80 E', 'Karnataka'),
(452, 'Hassan', '13.01 N', '76.08 E', 'Karnataka'),
(453, 'Haveri', '14.80 N', '75.40 E', 'Karnataka'),
(454, 'Hiriyur', '13.97 N', '76.60 E', 'Karnataka'),
(455, 'Hosakote', '', '', 'Karnataka'),
(456, 'Hospet', '15.28 N', '76.37 E', 'Karnataka'),
(457, 'Hubli', '15.36 N', '75.13 E', 'Karnataka'),
(458, 'Ilkal', '15.97 N', '76.13 E', 'Karnataka'),
(459, 'Jamkhandi', '16.51 N', '75.28 E', 'Karnataka'),
(460, 'Kanakapura', '12.54 N', '77.42 E', 'Karnataka'),
(461, 'Karwar', '14.82 N', '74.12 E', 'Karnataka'),
(462, 'Kolar', '13.14 N', '78.13 E', 'Karnataka'),
(463, 'Kollegal', '12.15 N', '77.12 E', 'Karnataka'),
(464, 'Koppal', '15.35 N', '76.15 E', 'Karnataka'),
(465, 'Krishnarajapura', '12.97 N', '77.74 E', 'Karnataka'),
(466, 'Mahadevapura', '', '', 'Karnataka'),
(467, 'Maisuru', '12.31 N', '76.65 E', 'Karnataka'),
(468, 'Mandya', '12.54 N', '76.89 E', 'Karnataka'),
(469, 'Mangaluru', '12.88 N', '74.84 E', 'Karnataka'),
(470, 'Nipani', '16.41 N', '74.38 E', 'Karnataka'),
(471, 'Pattanagere', '', '', 'Karnataka'),
(472, 'Puttur', '12.77 N', '75.22 E', 'Karnataka'),
(473, 'Rabkavi', '16.47 N', '75.11 E', 'Karnataka'),
(474, 'Raichur', '16.21 N', '77.35 E', 'Karnataka'),
(475, 'Ramanagaram', '12.72 N', '77.27 E', 'Karnataka'),
(476, 'Ranibennur', '14.62 N', '75.61 E', 'Karnataka'),
(477, 'Robertsonpet', '12.97 N', '78.28 E', 'Karnataka'),
(478, 'Sagar', '14.17 N', '75.03 E', 'Karnataka'),
(479, 'Shahabad', '17.13 N', '76.93 E', 'Karnataka'),
(480, 'Shahpur', '16.70 N', '76.83 E', 'Karnataka'),
(481, 'Shimoga', '13.93 N', '75.57 E', 'Karnataka'),
(482, 'Shorapur', '16.52 N', '76.75 E', 'Karnataka'),
(483, 'Sidlaghatta', '13.38 N', '77.87 E', 'Karnataka'),
(484, 'Sira', '13.75 N', '76.90 E', 'Karnataka'),
(485, 'Sirsi', '14.62 N', '74.85 E', 'Karnataka'),
(486, 'Tiptur', '13.27 N', '76.48 E', 'Karnataka'),
(487, 'Tumkur', '13.34 N', '77.10 E', 'Karnataka'),
(488, 'Udupi', '13.35 N', '74.75 E', 'Karnataka'),
(489, 'Ullal', '12.80 N', '74.85 E', 'Karnataka'),
(490, 'Yadgir', '16.77 N', '77.13 E', 'Karnataka'),
(491, 'Yelahanka', '13.10 N', '77.60 E', 'Karnataka'),
(492, 'Alappuzha', '9.50 N', '76.33 E', 'Kerala'),
(493, 'Beypur', '11.18 N', '75.82 E', 'Kerala'),
(494, 'Cheruvannur', '11.21 N', '75.84 E', 'Kerala'),
(495, 'Edakkara', '', '', 'Kerala'),
(496, 'Edathala', '10.03 N', '76.32 E', 'Kerala'),
(497, 'Kalamassery', '10.05 N', '76.27 E', 'Kerala'),
(498, 'Kannan Devan Hills', '', '', 'Kerala'),
(499, 'Kannangad', '12.34 N', '75.09 E', 'Kerala'),
(500, 'Kannur', '11.86 N', '75.35 E', 'Kerala'),
(501, 'Kayankulam', '9.17 N', '76.49 E', 'Kerala'),
(502, 'Kochi', '10.02 N', '76.22 E', 'Kerala'),
(503, 'Kollam', '8.89 N', '76.58 E', 'Kerala'),
(504, 'Kottayam', '9.60 N', '76.52 E', 'Kerala'),
(505, 'Koyilandi', '11.43 N', '75.70 E', 'Kerala'),
(506, 'Kozhikkod', '11.26 N', '75.78 E', 'Kerala'),
(507, 'Kunnamkulam', '10.65 N', '76.08 E', 'Kerala'),
(508, 'Malappuram', '11.07 N', '76.06 E', 'Kerala'),
(509, 'Manjeri', '11.12 N', '76.11 E', 'Kerala'),
(510, 'Nedumangad', '8.61 N', '77.00 E', 'Kerala'),
(511, 'Neyyattinkara', '8.40 N', '77.08 E', 'Kerala'),
(512, 'Palakkad', '10.78 N', '76.65 E', 'Kerala'),
(513, 'Pallichal', '', '', 'Kerala'),
(514, 'Payyannur', '12.10 N', '75.19 E', 'Kerala'),
(515, 'Ponnani', '10.78 N', '75.92 E', 'Kerala'),
(516, 'Talipparamba', '12.03 N', '75.36 E', 'Kerala'),
(517, 'Thalassery', '11.75 N', '75.49 E', 'Kerala'),
(518, 'Thiruvananthapuram', '8.51 N', '76.95 E', 'Kerala'),
(519, 'Thrippunithura', '9.94 N', '76.35 E', 'Kerala'),
(520, 'Thrissur', '10.52 N', '76.21 E', 'Kerala'),
(521, 'Tirur', '10.91 N', '75.92 E', 'Kerala'),
(522, 'Tiruvalla', '9.39 N', '76.57 E', 'Kerala'),
(523, 'Vadakara', '11.61 N', '75.58 E', 'Kerala'),
(524, 'Ashoknagar', '24.57 N', '77.72 E', 'Madhya Pradesh'),
(525, 'Balaghat', '21.80 N', '80.18 E', 'Madhya Pradesh'),
(526, 'Basoda', '23.85 N', '77.93 E', 'Madhya Pradesh'),
(527, 'Betul', '21.92 N', '77.90 E', 'Madhya Pradesh'),
(528, 'Bhind', '26.57 N', '78.77 E', 'Madhya Pradesh'),
(529, 'Bhopal', '23.24 N', '77.40 E', 'Madhya Pradesh'),
(530, 'BinaEtawa', '24.20 N', '78.20 E', 'Madhya Pradesh'),
(531, 'Burhanpur', '21.33 N', '76.22 E', 'Madhya Pradesh'),
(532, 'Chhatarpur', '24.92 N', '79.58 E', 'Madhya Pradesh'),
(533, 'Chhindwara', '22.07 N', '78.94 E', 'Madhya Pradesh'),
(534, 'Dabra', '25.90 N', '78.33 E', 'Madhya Pradesh'),
(535, 'Damoh', '23.85 N', '79.44 E', 'Madhya Pradesh'),
(536, 'Datia', '25.67 N', '78.45 E', 'Madhya Pradesh'),
(537, 'Dewas', '22.97 N', '76.05 E', 'Madhya Pradesh'),
(538, 'Dhar', '22.60 N', '75.29 E', 'Madhya Pradesh'),
(539, 'Gohad', '26.43 N', '78.45 E', 'Madhya Pradesh'),
(540, 'Guna', '24.65 N', '77.30 E', 'Madhya Pradesh'),
(541, 'Gwalior', '26.23 N', '78.17 E', 'Madhya Pradesh'),
(542, 'Harda', '22.33 N', '77.11 E', 'Madhya Pradesh'),
(543, 'Hoshangabad', '22.75 N', '77.71 E', 'Madhya Pradesh'),
(544, 'Indore', '22.72 N', '75.86 E', 'Madhya Pradesh'),
(545, 'Itarsi', '22.62 N', '77.76 E', 'Madhya Pradesh'),
(546, 'Jabalpur', '23.17 N', '79.94 E', 'Madhya Pradesh'),
(547, 'Jabalpur Cantonment', '23.16 N', '79.95 E', 'Madhya Pradesh'),
(548, 'Jaora', '23.64 N', '75.11 E', 'Madhya Pradesh'),
(549, 'Khandwa', '21.83 N', '76.35 E', 'Madhya Pradesh'),
(550, 'Khargone', '21.83 N', '75.60 E', 'Madhya Pradesh'),
(551, 'Mandidip', '23.10 N', '77.52 E', 'Madhya Pradesh'),
(552, 'Mandsaur', '24.07 N', '75.07 E', 'Madhya Pradesh'),
(553, 'Mau', '22.56 N', '75.75 E', 'Madhya Pradesh'),
(554, 'Morena', '26.51 N', '77.99 E', 'Madhya Pradesh'),
(555, 'Murwara', '23.85 N', '80.39 E', 'Madhya Pradesh'),
(556, 'Nagda', '23.46 N', '75.42 E', 'Madhya Pradesh'),
(557, 'Nimach', '24.47 N', '74.87 E', 'Madhya Pradesh'),
(558, 'Pithampur', '', '', 'Madhya Pradesh'),
(559, 'Raghogarh', '24.45 N', '77.20 E', 'Madhya Pradesh'),
(560, 'Ratlam', '23.35 N', '75.03 E', 'Madhya Pradesh'),
(561, 'Rewa', '24.53 N', '81.29 E', 'Madhya Pradesh'),
(562, 'Sagar', '23.85 N', '78.75 E', 'Madhya Pradesh'),
(563, 'Sarni', '22.04 N', '78.27 E', 'Madhya Pradesh'),
(564, 'Satna', '24.58 N', '80.83 E', 'Madhya Pradesh'),
(565, 'Sehore', '23.20 N', '77.08 E', 'Madhya Pradesh'),
(566, 'Sendhwa', '21.68 N', '75.10 E', 'Madhya Pradesh'),
(567, 'Seoni', '22.10 N', '79.55 E', 'Madhya Pradesh'),
(568, 'Shahdol', '23.30 N', '81.36 E', 'Madhya Pradesh'),
(569, 'Shajapur', '23.43 N', '76.27 E', 'Madhya Pradesh'),
(570, 'Sheopur', '25.67 N', '76.70 E', 'Madhya Pradesh'),
(571, 'Shivapuri', '25.43 N', '77.65 E', 'Madhya Pradesh'),
(572, 'Sidhi', '24.42 N', '81.88 E', 'Madhya Pradesh'),
(573, 'Singrauli', '23.84 N', '82.27 E', 'Madhya Pradesh'),
(574, 'Tikamgarh', '24.74 N', '78.83 E', 'Madhya Pradesh'),
(575, 'Ujjain', '23.19 N', '75.78 E', 'Madhya Pradesh'),
(576, 'Vidisha', '23.53 N', '77.80 E', 'Madhya Pradesh'),
(577, 'Achalpur', '21.26 N', '77.50 E', 'Maharashtra'),
(578, 'Ahmadnagar', '19.10 N', '74.74 E', 'Maharashtra'),
(579, 'Akola', '20.71 N', '77.00 E', 'Maharashtra'),
(580, 'Akot', '21.10 N', '77.05 E', 'Maharashtra'),
(581, 'Amalner', '21.05 N', '75.06 E', 'Maharashtra'),
(582, 'Ambajogai', '18.73 N', '76.38 E', 'Maharashtra'),
(583, 'Amravati', '20.95 N', '77.76 E', 'Maharashtra'),
(584, 'Anjangaon', '21.16 N', '77.31 E', 'Maharashtra'),
(585, 'Aurangabad', '19.89 N', '75.32 E', 'Maharashtra'),
(586, 'Badlapur', '19.15 N', '73.27 E', 'Maharashtra'),
(587, 'Ballarpur', '19.85 N', '79.35 E', 'Maharashtra'),
(588, 'Baramati', '18.15 N', '74.58 E', 'Maharashtra'),
(589, 'Barsi', '18.24 N', '75.69 E', 'Maharashtra'),
(590, 'Basmat', '19.32 N', '77.17 E', 'Maharashtra'),
(591, 'Bhadravati', '20.11 N', '79.12 E', 'Maharashtra'),
(592, 'Bhandara', '21.18 N', '79.65 E', 'Maharashtra'),
(593, 'Bhiwandi', '19.30 N', '73.05 E', 'Maharashtra'),
(594, 'Bhusawal', '21.05 N', '75.78 E', 'Maharashtra'),
(595, 'Bid', '18.99 N', '75.76 E', 'Maharashtra'),
(596, 'Mumbai', '18.96 N', '72.82 E', 'Maharashtra'),
(597, 'Buldana', '20.54 N', '76.18 E', 'Maharashtra'),
(598, 'Chalisgaon', '20.46 N', '74.99 E', 'Maharashtra'),
(599, 'Chandrapur', '19.96 N', '79.30 E', 'Maharashtra'),
(600, 'Chikhli', '20.35 N', '76.25 E', 'Maharashtra'),
(601, 'Chiplun', '17.53 N', '73.52 E', 'Maharashtra'),
(602, 'Chopda', '21.25 N', '75.28 E', 'Maharashtra'),
(603, 'Dahanu', '19.97 N', '72.73 E', 'Maharashtra'),
(604, 'Deolali', '19.95 N', '73.84 E', 'Maharashtra'),
(605, 'Dhule', '20.90 N', '74.77 E', 'Maharashtra'),
(606, 'Digdoh', '', '', 'Maharashtra'),
(607, 'Diglur', '18.55 N', '77.60 E', 'Maharashtra'),
(608, 'Gadchiroli', '20.17 N', '80.00 E', 'Maharashtra'),
(609, 'Gondiya', '21.47 N', '80.20 E', 'Maharashtra'),
(610, 'Hinganghat', '20.56 N', '78.83 E', 'Maharashtra'),
(611, 'Hingoli', '19.72 N', '77.14 E', 'Maharashtra'),
(612, 'Ichalkaranji', '16.69 N', '74.46 E', 'Maharashtra'),
(613, 'Jalgaon', '21.01 N', '75.56 E', 'Maharashtra'),
(614, 'Jalna', '19.85 N', '75.88 E', 'Maharashtra'),
(615, 'Kalyan', '19.25 N', '73.16 E', 'Maharashtra'),
(616, 'Kamthi', '21.23 N', '79.20 E', 'Maharashtra'),
(617, 'Karanja', '20.48 N', '77.48 E', 'Maharashtra'),
(618, 'Khadki', '18.57 N', '73.83 E', 'Maharashtra'),
(619, 'Khamgaon', '20.70 N', '76.56 E', 'Maharashtra'),
(620, 'Khopoli', '18.78 N', '73.33 E', 'Maharashtra'),
(621, 'Kolhapur', '16.70 N', '74.22 E', 'Maharashtra'),
(622, 'Kopargaon', '19.88 N', '74.48 E', 'Maharashtra'),
(623, 'Latur', '18.41 N', '76.58 E', 'Maharashtra'),
(624, 'Lonavale', '18.75 N', '73.42 E', 'Maharashtra'),
(625, 'Malegaon', '20.56 N', '74.52 E', 'Maharashtra'),
(626, 'Malkapur', '20.90 N', '76.19 E', 'Maharashtra'),
(627, 'Manmad', '20.26 N', '74.43 E', 'Maharashtra'),
(628, 'Mira Bhayandar', '19.29 N', '72.85 E', 'Maharashtra'),
(629, 'Nagpur', '21.16 N', '79.08 E', 'Maharashtra'),
(630, 'Nalasopara', '19.43 N', '72.78 E', 'Maharashtra'),
(631, 'Nanded', '19.17 N', '77.29 E', 'Maharashtra'),
(632, 'Nandurbar', '21.38 N', '74.23 E', 'Maharashtra'),
(633, 'Nashik', '20.01 N', '73.78 E', 'Maharashtra'),
(634, 'Navghar', '19.34 N', '72.90 E', 'Maharashtra'),
(635, 'Navi Mumbai', '19.11 N', '73.06 E', 'Maharashtra'),
(636, 'Navi Mumbai', '19.00 N', '73.10 E', 'Maharashtra'),
(637, 'Osmanabad', '18.17 N', '76.03 E', 'Maharashtra'),
(638, 'Palghar', '19.68 N', '72.75 E', 'Maharashtra'),
(639, 'Pandharpur', '17.68 N', '75.31 E', 'Maharashtra'),
(640, 'Parbhani', '19.27 N', '76.76 E', 'Maharashtra'),
(641, 'Phaltan', '17.98 N', '74.43 E', 'Maharashtra'),
(642, 'Pimpri', '18.62 N', '73.80 E', 'Maharashtra'),
(643, 'Pune', '18.53 N', '73.84 E', 'Maharashtra'),
(644, 'Pune Cantonment', '18.50 N', '73.88 E', 'Maharashtra'),
(645, 'Pusad', '19.91 N', '77.57 E', 'Maharashtra'),
(646, 'Ratnagiri', '17.00 N', '73.29 E', 'Maharashtra'),
(647, 'SangliMiraj', '16.86 N', '74.57 E', 'Maharashtra'),
(648, 'Satara', '17.70 N', '74.00 E', 'Maharashtra'),
(649, 'Shahada', '21.55 N', '74.47 E', 'Maharashtra'),
(650, 'Shegaon', '20.78 N', '76.68 E', 'Maharashtra'),
(651, 'Shirpur', '21.35 N', '74.88 E', 'Maharashtra'),
(652, 'Sholapur', '17.67 N', '75.89 E', 'Maharashtra'),
(653, 'Shrirampur', '19.63 N', '74.64 E', 'Maharashtra'),
(654, 'Sillod', '20.30 N', '75.65 E', 'Maharashtra'),
(655, 'Thana', '19.20 N', '72.97 E', 'Maharashtra'),
(656, 'Udgir', '18.40 N', '77.11 E', 'Maharashtra'),
(657, 'Ulhasnagar', '19.23 N', '73.15 E', 'Maharashtra'),
(658, 'Uran Islampur', '17.05 N', '74.27 E', 'Maharashtra'),
(659, 'Vasai', '19.36 N', '72.80 E', 'Maharashtra'),
(660, 'Virar', '19.47 N', '72.79 E', 'Maharashtra'),
(661, 'Wadi', '', '', 'Maharashtra'),
(662, 'Wani', '20.07 N', '78.95 E', 'Maharashtra'),
(663, 'Wardha', '20.75 N', '78.60 E', 'Maharashtra'),
(664, 'Warud', '21.47 N', '78.27 E', 'Maharashtra'),
(665, 'Washim', '20.10 N', '77.13 E', 'Maharashtra'),
(666, 'Yavatmal', '20.41 N', '78.13 E', 'Maharashtra'),
(667, 'Imphal', '24.79 N', '93.94 E', 'Manipur'),
(668, 'Shillong', '25.57 N', '91.87 E', 'Meghalaya'),
(669, 'Tura', '25.52 N', '90.22 E', 'Meghalaya'),
(670, 'Aizawl', '23.71 N', '92.71 E', 'Mizoram'),
(671, 'Lunglei', '22.88 N', '92.73 E', 'Mizoram'),
(672, 'Dimapur', '25.92 N', '93.73 E', 'Nagaland'),
(673, 'Kohima', '25.67 N', '94.11 E', 'Nagaland'),
(674, 'Wokha', '26.10 N', '94.27 E', 'Nagaland'),
(675, 'Balangir', '20.71 N', '83.50 E', 'Orissa'),
(676, 'Baleshwar', '21.49 N', '86.95 E', 'Orissa'),
(677, 'Barbil', '22.12 N', '85.40 E', 'Orissa'),
(678, 'Bargarh', '21.34 N', '83.61 E', 'Orissa'),
(679, 'Baripada', '21.95 N', '86.73 E', 'Orissa'),
(680, 'Bhadrak', '21.06 N', '86.52 E', 'Orissa'),
(681, 'Bhawanipatna', '19.91 N', '83.17 E', 'Orissa'),
(682, 'Bhubaneswar', '20.27 N', '85.84 E', 'Orissa'),
(683, 'Brahmapur', '19.32 N', '84.80 E', 'Orissa'),
(684, 'Brajrajnagar', '21.82 N', '83.91 E', 'Orissa'),
(685, 'Dhenkanal', '20.67 N', '85.60 E', 'Orissa'),
(686, 'Jaypur', '18.86 N', '82.56 E', 'Orissa'),
(687, 'Jharsuguda', '21.87 N', '84.01 E', 'Orissa'),
(688, 'Kataka', '20.47 N', '85.88 E', 'Orissa'),
(689, 'Kendujhar', '21.63 N', '85.58 E', 'Orissa'),
(690, 'Paradwip', '20.32 N', '86.62 E', 'Orissa'),
(691, 'Puri', '19.81 N', '85.83 E', 'Orissa'),
(692, 'Raurkela', '22.24 N', '84.81 E', 'Orissa'),
(693, 'Raurkela Industrial Township', '', '', 'Orissa'),
(694, 'Rayagada', '19.18 N', '83.41 E', 'Orissa'),
(695, 'Sambalpur', '21.47 N', '83.97 E', 'Orissa'),
(696, 'Sunabeda', '18.69 N', '82.86 E', 'Orissa'),
(697, 'Karaikal', '10.93 N', '79.83 E', 'Pondicherry'),
(698, 'Ozhukarai', '11.94 N', '79.77 E', 'Pondicherry'),
(699, 'Pondicherry', '11.94 N', '79.83 E', 'Pondicherry'),
(700, 'Abohar', '30.14 N', '74.20 E', 'Punjab'),
(701, 'Amritsar', '31.64 N', '74.87 E', 'Punjab'),
(702, 'Barnala', '30.39 N', '75.54 E', 'Punjab'),
(703, 'Batala', '31.82 N', '75.21 E', 'Punjab'),
(704, 'Bathinda', '30.17 N', '74.97 E', 'Punjab'),
(705, 'Dhuri', '30.37 N', '75.87 E', 'Punjab'),
(706, 'Faridkot', '30.68 N', '74.74 E', 'Punjab'),
(707, 'Fazilka', '30.41 N', '74.02 E', 'Punjab'),
(708, 'Firozpur', '30.92 N', '74.61 E', 'Punjab'),
(709, 'Firozpur Cantonment', '30.95 N', '74.60 E', 'Punjab'),
(710, 'Gobindgarh', '30.66 N', '76.31 E', 'Punjab'),
(711, 'Gurdaspur', '32.04 N', '75.40 E', 'Punjab'),
(712, 'Hoshiarpur', '31.53 N', '75.91 E', 'Punjab'),
(713, 'Jagraon', '30.78 N', '75.48 E', 'Punjab'),
(714, 'Jalandhar', '31.33 N', '75.57 E', 'Punjab'),
(715, 'Kapurthala', '31.38 N', '75.38 E', 'Punjab'),
(716, 'Khanna', '30.71 N', '76.21 E', 'Punjab'),
(717, 'Kot Kapura', '30.59 N', '74.80 E', 'Punjab'),
(718, 'Ludhiana', '30.91 N', '75.84 E', 'Punjab'),
(719, 'Malaut', '30.23 N', '74.48 E', 'Punjab'),
(720, 'Maler Kotla', '30.54 N', '75.87 E', 'Punjab'),
(721, 'Mansa', '29.98 N', '75.39 E', 'Punjab'),
(722, 'Moga', '30.82 N', '75.17 E', 'Punjab'),
(723, 'Mohali', '30.78 N', '76.69 E', 'Punjab'),
(724, 'Pathankot', '32.27 N', '75.64 E', 'Punjab'),
(725, 'Patiala', '30.32 N', '76.39 E', 'Punjab'),
(726, 'Phagwara', '31.22 N', '75.76 E', 'Punjab'),
(727, 'Rajpura', '30.48 N', '76.59 E', 'Punjab'),
(728, 'Rupnagar', '30.98 N', '76.52 E', 'Punjab'),
(729, 'Samana', '30.15 N', '76.20 E', 'Punjab'),
(730, 'Sangrur', '30.25 N', '75.84 E', 'Punjab'),
(731, 'Sirhind', '30.65 N', '76.38 E', 'Punjab'),
(732, 'Sunam', '30.13 N', '75.80 E', 'Punjab'),
(733, 'Tarn Taran', '31.45 N', '74.92 E', 'Punjab'),
(734, 'Ajmer', '26.45 N', '74.64 E', 'Rajasthan'),
(735, 'Alwar', '27.56 N', '76.60 E', 'Rajasthan'),
(736, 'Balotra', '25.83 N', '72.23 E', 'Rajasthan'),
(737, 'Banswara', '23.54 N', '74.44 E', 'Rajasthan'),
(738, 'Baran', '25.10 N', '76.51 E', 'Rajasthan'),
(739, 'Bari', '26.65 N', '77.60 E', 'Rajasthan'),
(740, 'Barmer', '25.75 N', '71.39 E', 'Rajasthan'),
(741, 'Beawar', '26.10 N', '74.30 E', 'Rajasthan'),
(742, 'Bharatpur', '27.23 N', '77.49 E', 'Rajasthan'),
(743, 'Bhilwara', '25.35 N', '74.63 E', 'Rajasthan'),
(744, 'Bhiwadi', '', '', 'Rajasthan'),
(745, 'Bikaner', '28.03 N', '73.32 E', 'Rajasthan'),
(746, 'Bundi', '25.45 N', '75.63 E', 'Rajasthan'),
(747, 'Chittaurgarh', '24.89 N', '74.63 E', 'Rajasthan'),
(748, 'Chomun', '27.17 N', '75.72 E', 'Rajasthan'),
(749, 'Churu', '28.31 N', '74.96 E', 'Rajasthan'),
(750, 'Daosa', '26.88 N', '76.33 E', 'Rajasthan'),
(751, 'Dhaulpur', '26.70 N', '77.87 E', 'Rajasthan'),
(752, 'Didwana', '27.39 N', '74.57 E', 'Rajasthan'),
(753, 'Fatehpur', '27.99 N', '74.95 E', 'Rajasthan'),
(754, 'Ganganagar', '29.93 N', '73.86 E', 'Rajasthan'),
(755, 'Gangapur', '26.47 N', '76.72 E', 'Rajasthan'),
(756, 'Hanumangarh', '29.62 N', '74.29 E', 'Rajasthan'),
(757, 'Hindaun', '26.74 N', '77.02 E', 'Rajasthan'),
(758, 'Jaipur', '26.92 N', '75.80 E', 'Rajasthan'),
(759, 'Jaisalmer', '26.92 N', '70.90 E', 'Rajasthan'),
(760, 'Jalor', '25.35 N', '72.62 E', 'Rajasthan'),
(761, 'Jhalawar', '24.60 N', '76.15 E', 'Rajasthan'),
(762, 'Jhunjhunun', '28.13 N', '75.39 E', 'Rajasthan'),
(763, 'Jodhpur', '26.29 N', '73.02 E', 'Rajasthan'),
(764, 'Karauli', '26.50 N', '77.02 E', 'Rajasthan'),
(765, 'Kishangarh', '26.58 N', '74.86 E', 'Rajasthan'),
(766, 'Kota', '25.18 N', '75.83 E', 'Rajasthan'),
(767, 'Kuchaman', '27.15 N', '74.85 E', 'Rajasthan'),
(768, 'Ladnun', '27.64 N', '74.38 E', 'Rajasthan'),
(769, 'Makrana', '27.05 N', '74.72 E', 'Rajasthan'),
(770, 'Nagaur', '27.21 N', '73.73 E', 'Rajasthan'),
(771, 'Nawalgarh', '27.85 N', '75.27 E', 'Rajasthan'),
(772, 'Nimbahera', '24.62 N', '74.68 E', 'Rajasthan'),
(773, 'Nokha', '27.60 N', '73.42 E', 'Rajasthan'),
(774, 'Pali', '25.79 N', '73.32 E', 'Rajasthan'),
(775, 'Rajsamand', '25.07 N', '73.88 E', 'Rajasthan'),
(776, 'Ratangarh', '28.09 N', '74.60 E', 'Rajasthan'),
(777, 'Sardarshahr', '28.45 N', '74.48 E', 'Rajasthan'),
(778, 'Sawai Madhopur', '26.03 N', '76.34 E', 'Rajasthan'),
(779, 'Sikar', '27.61 N', '75.13 E', 'Rajasthan'),
(780, 'Sujangarh', '27.70 N', '74.46 E', 'Rajasthan'),
(781, 'Suratgarh', '29.32 N', '73.90 E', 'Rajasthan'),
(782, 'Tonk', '26.17 N', '75.78 E', 'Rajasthan'),
(783, 'Udaipur', '24.58 N', '73.69 E', 'Rajasthan'),
(784, 'Alandur', '13.03 N', '80.23 E', 'Tamil Nadu'),
(785, 'Ambattur', '13.11 N', '80.17 E', 'Tamil Nadu'),
(786, 'Ambur', '12.80 N', '78.72 E', 'Tamil Nadu'),
(787, 'Arakonam', '13.08 N', '79.67 E', 'Tamil Nadu'),
(788, 'Arani', '12.68 N', '79.28 E', 'Tamil Nadu'),
(789, 'Aruppukkottai', '9.51 N', '78.09 E', 'Tamil Nadu'),
(790, 'Attur', '11.60 N', '78.60 E', 'Tamil Nadu'),
(791, 'Avadi', '13.12 N', '80.11 E', 'Tamil Nadu'),
(792, 'Avaniapuram', '9.86 N', '78.12 E', 'Tamil Nadu'),
(793, 'Bodinayakkanur', '10.01 N', '77.35 E', 'Tamil Nadu'),
(794, 'Chengalpattu', '12.70 N', '79.97 E', 'Tamil Nadu'),
(795, 'Dharapuram', '10.74 N', '77.52 E', 'Tamil Nadu'),
(796, 'Dharmapuri', '12.13 N', '78.16 E', 'Tamil Nadu'),
(797, 'Dindigul', '10.36 N', '77.97 E', 'Tamil Nadu'),
(798, 'Erode', '11.35 N', '77.73 E', 'Tamil Nadu'),
(799, 'Gopichettipalaiyam', '11.46 N', '77.43 E', 'Tamil Nadu'),
(800, 'Gudalur', '11.76 N', '79.75 E', 'Tamil Nadu'),
(801, 'Gudiyattam', '12.95 N', '78.86 E', 'Tamil Nadu'),
(802, 'Hosur', '12.72 N', '77.82 E', 'Tamil Nadu'),
(803, 'Idappadi', '11.58 N', '77.85 E', 'Tamil Nadu'),
(804, 'Kadayanallur', '9.08 N', '77.35 E', 'Tamil Nadu'),
(805, 'Kambam', '9.74 N', '77.28 E', 'Tamil Nadu'),
(806, 'Kanchipuram', '12.84 N', '79.70 E', 'Tamil Nadu'),
(807, 'Karur', '10.96 N', '78.07 E', 'Tamil Nadu'),
(808, 'Kavundampalaiyam', '11.05 N', '76.92 E', 'Tamil Nadu'),
(809, 'Kovilpatti', '9.19 N', '77.86 E', 'Tamil Nadu'),
(810, 'Koyampattur', '11.01 N', '76.96 E', 'Tamil Nadu'),
(811, 'Krishnagiri', '12.54 N', '78.21 E', 'Tamil Nadu'),
(812, 'Kumarapalaiyam', '11.44 N', '77.73 E', 'Tamil Nadu'),
(813, 'Kumbakonam', '10.97 N', '79.38 E', 'Tamil Nadu'),
(814, 'Kuniyamuthur', '10.98 N', '76.95 E', 'Tamil Nadu'),
(815, 'Kurichi', '10.92 N', '76.96 E', 'Tamil Nadu'),
(816, 'Madhavaram', '13.02 N', '80.26 E', 'Tamil Nadu'),
(817, 'Madras', '13.09 N', '80.27 E', 'Tamil Nadu'),
(818, 'Madurai', '9.92 N', '78.12 E', 'Tamil Nadu'),
(819, 'Maduravoyal', '', '', 'Tamil Nadu'),
(820, 'Mannargudi', '10.67 N', '79.45 E', 'Tamil Nadu'),
(821, 'Mayiladuthurai', '11.11 N', '79.65 E', 'Tamil Nadu'),
(822, 'Mettupalayam', '11.30 N', '76.94 E', 'Tamil Nadu'),
(823, 'Mettur', '11.80 N', '77.80 E', 'Tamil Nadu'),
(824, 'Nagapattinam', '10.80 N', '79.84 E', 'Tamil Nadu'),
(825, 'Nagercoil', '8.18 N', '77.43 E', 'Tamil Nadu'),
(826, 'Namakkal', '11.23 N', '78.17 E', 'Tamil Nadu'),
(827, 'Nerkunram', '13.04 N', '80.26 E', 'Tamil Nadu'),
(828, 'Neyveli', '11.62 N', '79.48 E', 'Tamil Nadu'),
(829, 'Pallavaram', '12.99 N', '80.16 E', 'Tamil Nadu'),
(830, 'Pammal', '12.97 N', '80.11 E', 'Tamil Nadu'),
(831, 'Pannuratti', '11.78 N', '79.55 E', 'Tamil Nadu'),
(832, 'Paramakkudi', '9.54 N', '78.59 E', 'Tamil Nadu'),
(833, 'Pattukkottai', '10.43 N', '79.31 E', 'Tamil Nadu'),
(834, 'Pollachi', '10.67 N', '77.00 E', 'Tamil Nadu'),
(835, 'Pudukkottai', '10.39 N', '78.82 E', 'Tamil Nadu'),
(836, 'Puliyankudi', '9.18 N', '77.40 E', 'Tamil Nadu'),
(837, 'Punamalli', '13.05 N', '80.11 E', 'Tamil Nadu'),
(838, 'Rajapalaiyam', '9.46 N', '77.55 E', 'Tamil Nadu'),
(839, 'Ramanathapuram', '9.37 N', '78.83 E', 'Tamil Nadu'),
(840, 'Salem', '11.67 N', '78.16 E', 'Tamil Nadu'),
(841, 'Sankarankoil', '9.17 N', '77.54 E', 'Tamil Nadu'),
(842, 'Sivakasi', '9.46 N', '77.79 E', 'Tamil Nadu'),
(843, 'Srivilliputtur', '9.52 N', '77.63 E', 'Tamil Nadu'),
(844, 'Tambaram', '12.93 N', '80.12 E', 'Tamil Nadu'),
(845, 'Tenkasi', '8.96 N', '77.31 E', 'Tamil Nadu'),
(846, 'Thanjavur', '10.79 N', '79.13 E', 'Tamil Nadu'),
(847, 'Theni Allinagaram', '10.02 N', '77.48 E', 'Tamil Nadu'),
(848, 'Thiruthangal', '9.48 N', '77.83 E', 'Tamil Nadu'),
(849, 'Thiruvarur', '10.78 N', '79.64 E', 'Tamil Nadu'),
(850, 'Thuthukkudi', '8.81 N', '78.14 E', 'Tamil Nadu'),
(851, 'Tindivanam', '12.24 N', '79.65 E', 'Tamil Nadu'),
(852, 'Tiruchchirappalli', '10.81 N', '78.69 E', 'Tamil Nadu'),
(853, 'Tiruchengode', '11.38 N', '77.90 E', 'Tamil Nadu'),
(854, 'Tirunelveli', '8.73 N', '77.69 E', 'Tamil Nadu'),
(855, 'Tirupathur', '12.50 N', '78.57 E', 'Tamil Nadu'),
(856, 'Tiruppur', '11.09 N', '77.35 E', 'Tamil Nadu'),
(857, 'Tiruvannamalai', '12.24 N', '79.07 E', 'Tamil Nadu'),
(858, 'Tiruvottiyur', '13.16 N', '80.29 E', 'Tamil Nadu'),
(859, 'Udagamandalam', '11.42 N', '76.69 E', 'Tamil Nadu'),
(860, 'Udumalaipettai', '10.58 N', '77.24 E', 'Tamil Nadu'),
(861, 'Valparai', '10.38 N', '76.99 E', 'Tamil Nadu'),
(862, 'Vaniyambadi', '12.69 N', '78.60 E', 'Tamil Nadu'),
(863, 'Velampalaiyam', '', '', 'Tamil Nadu'),
(864, 'Velluru', '12.92 N', '79.13 E', 'Tamil Nadu'),
(865, 'Viluppuram', '11.95 N', '79.49 E', 'Tamil Nadu'),
(866, 'Virappanchatram', '11.40 N', '77.70 E', 'Tamil Nadu'),
(867, 'Virudhachalam', '11.51 N', '79.32 E', 'Tamil Nadu'),
(868, 'Virudunagar', '9.59 N', '77.95 E', 'Tamil Nadu'),
(869, 'Agartala', '23.84 N', '91.27 E', 'Tripura'),
(870, 'Agartala MCl', '', '', 'Tripura'),
(871, 'Badharghat', '', '', 'Tripura'),
(872, 'Agra', '27.19 N', '78.01 E', 'Uttar Pradesh'),
(873, 'Aligarh', '27.89 N', '78.06 E', 'Uttar Pradesh'),
(874, 'Allahabad', '25.45 N', '81.84 E', 'Uttar Pradesh'),
(875, 'Amroha', '28.91 N', '78.46 E', 'Uttar Pradesh'),
(876, 'Aonla', '28.28 N', '79.15 E', 'Uttar Pradesh'),
(877, 'Auraiya', '26.47 N', '79.50 E', 'Uttar Pradesh'),
(878, 'Ayodhya', '26.80 N', '82.20 E', 'Uttar Pradesh'),
(879, 'Azamgarh', '26.07 N', '83.18 E', 'Uttar Pradesh'),
(880, 'Baheri', '28.78 N', '79.50 E', 'Uttar Pradesh'),
(881, 'Bahraich', '27.58 N', '81.59 E', 'Uttar Pradesh'),
(882, 'Ballia', '25.76 N', '84.15 E', 'Uttar Pradesh'),
(883, 'Balrampur', '27.43 N', '82.18 E', 'Uttar Pradesh'),
(884, 'Banda', '25.48 N', '80.33 E', 'Uttar Pradesh'),
(885, 'Baraut', '29.10 N', '77.26 E', 'Uttar Pradesh'),
(886, 'Bareli', '28.36 N', '79.41 E', 'Uttar Pradesh'),
(887, 'Basti', '26.80 N', '82.74 E', 'Uttar Pradesh'),
(888, 'Behta Hajipur', '', '', 'Uttar Pradesh'),
(889, 'Bela', '25.92 N', '81.99 E', 'Uttar Pradesh'),
(890, 'Bhadohi', '25.40 N', '82.56 E', 'Uttar Pradesh'),
(891, 'Bijnor', '29.38 N', '78.13 E', 'Uttar Pradesh'),
(892, 'Bisalpur', '28.30 N', '79.80 E', 'Uttar Pradesh'),
(893, 'Biswan', '27.50 N', '81.00 E', 'Uttar Pradesh'),
(894, 'Budaun', '28.04 N', '79.12 E', 'Uttar Pradesh'),
(895, 'Bulandshahr', '28.41 N', '77.85 E', 'Uttar Pradesh'),
(896, 'Chandausi', '28.46 N', '78.78 E', 'Uttar Pradesh'),
(897, 'Chandpur', '29.14 N', '78.27 E', 'Uttar Pradesh'),
(898, 'Chhibramau', '27.15 N', '79.52 E', 'Uttar Pradesh'),
(899, 'Chitrakut Dham', '25.20 N', '80.84 E', 'Uttar Pradesh'),
(900, 'Dadri', '28.57 N', '77.55 E', 'Uttar Pradesh'),
(901, 'Deoband', '29.70 N', '77.67 E', 'Uttar Pradesh'),
(902, 'Deoria', '26.51 N', '83.78 E', 'Uttar Pradesh'),
(903, 'Etah', '27.57 N', '78.64 E', 'Uttar Pradesh'),
(904, 'Etawah', '26.78 N', '79.01 E', 'Uttar Pradesh'),
(905, 'Faizabad', '26.78 N', '82.14 E', 'Uttar Pradesh'),
(906, 'Faridpur', '28.22 N', '79.53 E', 'Uttar Pradesh'),
(907, 'Farrukhabad', '27.40 N', '79.57 E', 'Uttar Pradesh'),
(908, 'Fatehpur', '25.93 N', '80.81 E', 'Uttar Pradesh'),
(909, 'Firozabad', '27.15 N', '78.39 E', 'Uttar Pradesh'),
(910, 'Gajraula', '28.85 N', '78.23 E', 'Uttar Pradesh'),
(911, 'Ganga Ghat', '26.52 N', '80.45 E', 'Uttar Pradesh'),
(912, 'Gangoh', '29.77 N', '77.25 E', 'Uttar Pradesh'),
(913, 'Ghaziabad', '28.66 N', '77.41 E', 'Uttar Pradesh'),
(914, 'Ghazipur', '25.59 N', '83.59 E', 'Uttar Pradesh'),
(915, 'Gola Gokarannath', '28.08 N', '80.47 E', 'Uttar Pradesh'),
(916, 'Gonda', '27.14 N', '81.95 E', 'Uttar Pradesh'),
(917, 'Gorakhpur', '26.76 N', '83.36 E', 'Uttar Pradesh'),
(918, 'Hapur', '28.73 N', '77.77 E', 'Uttar Pradesh'),
(919, 'Hardoi', '27.42 N', '80.12 E', 'Uttar Pradesh'),
(920, 'Hasanpur', '28.72 N', '78.28 E', 'Uttar Pradesh'),
(921, 'Hathras', '27.60 N', '78.04 E', 'Uttar Pradesh'),
(922, 'Jahangirabad', '28.42 N', '78.10 E', 'Uttar Pradesh'),
(923, 'Jalaun', '26.15 N', '79.35 E', 'Uttar Pradesh'),
(924, 'Jaunpur', '25.76 N', '82.69 E', 'Uttar Pradesh'),
(925, 'Jhansi', '25.45 N', '78.56 E', 'Uttar Pradesh'),
(926, 'Kadi', '23.31 N', '72.33 E', 'Uttar Pradesh'),
(927, 'Kairana', '29.40 N', '77.20 E', 'Uttar Pradesh'),
(928, 'Kannauj', '27.06 N', '79.91 E', 'Uttar Pradesh'),
(929, 'Kanpur', '26.47 N', '80.33 E', 'Uttar Pradesh'),
(930, 'Kanpur Cantonment', '26.50 N', '80.28 E', 'Uttar Pradesh'),
(931, 'Kasganj', '27.81 N', '78.63 E', 'Uttar Pradesh'),
(932, 'Khatauli', '29.28 N', '77.72 E', 'Uttar Pradesh'),
(933, 'Khora', '', '', 'Uttar Pradesh'),
(934, 'Khurja', '28.26 N', '77.85 E', 'Uttar Pradesh'),
(935, 'Kiratpur', '29.52 N', '78.20 E', 'Uttar Pradesh'),
(936, 'Kosi Kalan', '27.80 N', '77.44 E', 'Uttar Pradesh'),
(937, 'Laharpur', '27.72 N', '80.90 E', 'Uttar Pradesh'),
(938, 'Lakhimpur', '27.95 N', '80.78 E', 'Uttar Pradesh'),
(939, 'Lakhnau', '26.85 N', '80.92 E', 'Uttar Pradesh'),
(940, 'Lakhnau Cantonment', '26.81 N', '80.97 E', 'Uttar Pradesh'),
(941, 'Lalitpur', '24.70 N', '78.41 E', 'Uttar Pradesh'),
(942, 'Loni', '28.75 N', '77.28 E', 'Uttar Pradesh'),
(943, 'Mahoba', '25.30 N', '79.87 E', 'Uttar Pradesh'),
(944, 'Mainpuri', '27.24 N', '79.02 E', 'Uttar Pradesh'),
(945, 'Mathura', '27.50 N', '77.68 E', 'Uttar Pradesh'),
(946, 'Mau', '25.96 N', '83.56 E', 'Uttar Pradesh'),
(947, 'Mauranipur', '25.24 N', '79.13 E', 'Uttar Pradesh'),
(948, 'Mawana', '29.11 N', '77.91 E', 'Uttar Pradesh'),
(949, 'Mirat', '28.99 N', '77.70 E', 'Uttar Pradesh'),
(950, 'Mirat Cantonment', '29.02 N', '77.67 E', 'Uttar Pradesh'),
(951, 'Mirzapur', '25.16 N', '82.56 E', 'Uttar Pradesh'),
(952, 'Modinagar', '28.92 N', '77.62 E', 'Uttar Pradesh'),
(953, 'Moradabad', '28.84 N', '78.76 E', 'Uttar Pradesh'),
(954, 'Mubarakpur', '26.09 N', '83.28 E', 'Uttar Pradesh'),
(955, 'Mughal Sarai', '25.30 N', '83.12 E', 'Uttar Pradesh'),
(956, 'Muradnagar', '28.78 N', '77.50 E', 'Uttar Pradesh');
INSERT INTO `statelist` (`city_id`, `city_name`, `latitude`, `longitude`, `state`) VALUES
(957, 'Muzaffarnagar', '29.48 N', '77.69 E', 'Uttar Pradesh'),
(958, 'Nagina', '29.45 N', '78.43 E', 'Uttar Pradesh'),
(959, 'Najibabad', '29.62 N', '78.33 E', 'Uttar Pradesh'),
(960, 'Nawabganj', '26.94 N', '81.19 E', 'Uttar Pradesh'),
(961, 'Noida', '28.58 N', '77.33 E', 'Uttar Pradesh'),
(962, 'Obra', '24.42 N', '82.98 E', 'Uttar Pradesh'),
(963, 'Orai', '25.99 N', '79.45 E', 'Uttar Pradesh'),
(964, 'Pilibhit', '28.64 N', '79.81 E', 'Uttar Pradesh'),
(965, 'Pilkhuwa', '28.72 N', '77.65 E', 'Uttar Pradesh'),
(966, 'Rae Bareli', '26.23 N', '81.23 E', 'Uttar Pradesh'),
(967, 'Ramgarh Nagla Kothi', '', '', 'Uttar Pradesh'),
(968, 'Rampur', '28.82 N', '79.02 E', 'Uttar Pradesh'),
(969, 'Rath', '25.58 N', '79.57 E', 'Uttar Pradesh'),
(970, 'Renukut', '24.20 N', '83.03 E', 'Uttar Pradesh'),
(971, 'Saharanpur', '29.97 N', '77.54 E', 'Uttar Pradesh'),
(972, 'Sahaswan', '28.08 N', '78.74 E', 'Uttar Pradesh'),
(973, 'Sambhal', '28.59 N', '78.56 E', 'Uttar Pradesh'),
(974, 'Sandila', '27.08 N', '80.52 E', 'Uttar Pradesh'),
(975, 'Shahabad', '27.65 N', '79.95 E', 'Uttar Pradesh'),
(976, 'Shahjahanpur', '27.88 N', '79.90 E', 'Uttar Pradesh'),
(977, 'Shamli', '29.46 N', '77.31 E', 'Uttar Pradesh'),
(978, 'Sherkot', '29.35 N', '78.58 E', 'Uttar Pradesh'),
(979, 'Shikohabad', '27.12 N', '78.58 E', 'Uttar Pradesh'),
(980, 'Sikandarabad', '28.44 N', '77.69 E', 'Uttar Pradesh'),
(981, 'Sitapur', '27.57 N', '80.69 E', 'Uttar Pradesh'),
(982, 'Sukhmalpur Nizamabad', '', '', 'Uttar Pradesh'),
(983, 'Sultanpur', '26.26 N', '82.06 E', 'Uttar Pradesh'),
(984, 'Tanda', '26.55 N', '82.65 E', 'Uttar Pradesh'),
(985, 'Tilhar', '27.98 N', '79.73 E', 'Uttar Pradesh'),
(986, 'Tundla', '27.20 N', '78.28 E', 'Uttar Pradesh'),
(987, 'Ujhani', '28.02 N', '79.02 E', 'Uttar Pradesh'),
(988, 'Unnao', '26.55 N', '80.49 E', 'Uttar Pradesh'),
(989, 'Varanasi', '25.32 N', '83.01 E', 'Uttar Pradesh'),
(990, 'Vrindavan', '27.58 N', '77.70 E', 'Uttar Pradesh'),
(991, 'Dehra Dun', '30.34 N', '78.05 E', 'Uttaranchal'),
(992, 'Dehra Dun Cantonment', '30.34 N', '77.97 E', 'Uttaranchal'),
(993, 'Gola Range', '', '', 'Uttaranchal'),
(994, 'Haldwani', '29.23 N', '79.52 E', 'Uttaranchal'),
(995, 'Haridwar', '29.98 N', '78.16 E', 'Uttaranchal'),
(996, 'Kashipur', '29.22 N', '78.96 E', 'Uttaranchal'),
(997, 'Pithoragarh', '29.58 N', '80.22 E', 'Uttaranchal'),
(998, 'Rishikesh', '30.12 N', '78.29 E', 'Uttaranchal'),
(999, 'Rudrapur', '', '', 'Uttaranchal'),
(1000, 'Rurki', '29.87 N', '77.89 E', 'Uttaranchal');

-- --------------------------------------------------------

--
-- Table structure for table `states`
--

CREATE TABLE `states` (
  `id` int(11) UNSIGNED NOT NULL,
  `state` varchar(200) NOT NULL,
  `country_id` int(11) UNSIGNED NOT NULL
) ENGINE=InnoDB DEFAULT CHARSET=latin1;

--
-- Dumping data for table `states`
--

INSERT INTO `states` (`id`, `state`, `country_id`) VALUES
(1, 'Andaman and Nicobar Islands', 1),
(2, 'Andhra Pradesh', 1),
(3, 'Arunachal Pradesh', 1),
(4, 'Assam', 1),
(5, 'West Bengal', 1),
(6, 'Bihar', 1),
(7, 'Chandigarh', 1),
(8, 'Chhattisgarh', 1),
(9, 'Delhi', 1),
(10, 'Goa', 1),
(11, 'Gujarat', 1),
(12, 'Haryana', 1),
(13, 'Himachal Pradesh', 1),
(14, 'Jammu and Kashmir', 1),
(15, 'Jharkhand', 1),
(16, 'Karnataka', 1),
(17, 'Kerala', 1),
(18, 'Madhya Pradesh', 1),
(19, 'Maharashtra', 1),
(20, 'Manipur', 1),
(21, 'Meghalaya', 1),
(22, 'Mizoram', 1),
(23, 'Nagaland', 1),
(24, 'Orissa', 1),
(25, 'Pondicherry', 1),
(26, 'Punjab', 1),
(27, 'Rajasthan', 1),
(28, 'Tamil Nadu', 1),
(29, 'Tripura', 1),
(30, 'Uttar Pradesh', 1),
(31, 'Uttaranchal', 1);

-- --------------------------------------------------------

--
-- Table structure for table `username_or_email_on_hold`
--

CREATE TABLE `username_or_email_on_hold` (
  `ai` int(10) UNSIGNED NOT NULL,
  `username_or_email` varchar(255) NOT NULL,
  `time` datetime NOT NULL
) ENGINE=MyISAM DEFAULT CHARSET=utf8;

-- --------------------------------------------------------

--
-- Table structure for table `users`
--

CREATE TABLE `users` (
  `user_id` int(10) UNSIGNED NOT NULL,
  `username` varchar(12) DEFAULT NULL,
  `email` varchar(255) NOT NULL,
  `auth_level` tinyint(3) UNSIGNED NOT NULL,
  `banned` enum('0','1') NOT NULL DEFAULT '0',
  `passwd` varchar(60) NOT NULL,
  `passwd_recovery_code` varchar(60) DEFAULT NULL,
  `passwd_recovery_date` datetime DEFAULT NULL,
  `passwd_modified_at` datetime DEFAULT NULL,
  `last_login` datetime DEFAULT NULL,
  `created_at` datetime NOT NULL,
  `modified_at` timestamp NOT NULL DEFAULT CURRENT_TIMESTAMP ON UPDATE CURRENT_TIMESTAMP
) ENGINE=InnoDB DEFAULT CHARSET=utf8;

--
-- Dumping data for table `users`
--

INSERT INTO `users` (`user_id`, `username`, `email`, `auth_level`, `banned`, `passwd`, `passwd_recovery_code`, `passwd_recovery_date`, `passwd_modified_at`, `last_login`, `created_at`, `modified_at`) VALUES
(2147484848, 'ash', 'ash@ash.com', 9, '0', '$2y$11$5TPtVsfz7Uh644XHWxpXAeqjw4mkXjU7/kpAY98ZvizyuO5Zk0ima', NULL, NULL, NULL, '2017-03-09 07:08:21', '2017-03-07 07:02:01', '2017-03-09 06:08:21');

--
-- Triggers `users`
--
DELIMITER $$
CREATE TRIGGER `ca_passwd_trigger` BEFORE UPDATE ON `users` FOR EACH ROW BEGIN
    IF ((NEW.passwd <=> OLD.passwd) = 0) THEN
        SET NEW.passwd_modified_at = NOW();
    END IF;
END
$$
DELIMITER ;

--
-- Indexes for dumped tables
--

--
-- Indexes for table `acl`
--
ALTER TABLE `acl`
  ADD PRIMARY KEY (`ai`),
  ADD KEY `action_id` (`action_id`),
  ADD KEY `user_id` (`user_id`);

--
-- Indexes for table `acl_actions`
--
ALTER TABLE `acl_actions`
  ADD PRIMARY KEY (`action_id`),
  ADD KEY `category_id` (`category_id`);

--
-- Indexes for table `acl_categories`
--
ALTER TABLE `acl_categories`
  ADD PRIMARY KEY (`category_id`),
  ADD UNIQUE KEY `category_code` (`category_code`),
  ADD UNIQUE KEY `category_desc` (`category_desc`);

--
-- Indexes for table `auth_sessions`
--
ALTER TABLE `auth_sessions`
  ADD PRIMARY KEY (`id`);

--
-- Indexes for table `blood_requirements`
--
ALTER TABLE `blood_requirements`
  ADD PRIMARY KEY (`id`);

--
-- Indexes for table `cities`
--
ALTER TABLE `cities`
  ADD PRIMARY KEY (`id`),
  ADD KEY `state_id` (`state_id`);

--
-- Indexes for table `ci_sessions`
--
ALTER TABLE `ci_sessions`
  ADD PRIMARY KEY (`id`),
  ADD KEY `ci_sessions_timestamp` (`timestamp`);

--
-- Indexes for table `countries`
--
ALTER TABLE `countries`
  ADD PRIMARY KEY (`id`),
  ADD UNIQUE KEY `country` (`country`);

--
-- Indexes for table `denied_access`
--
ALTER TABLE `denied_access`
  ADD PRIMARY KEY (`ai`);

--
-- Indexes for table `donor_list`
--
ALTER TABLE `donor_list`
  ADD PRIMARY KEY (`id`);

--
-- Indexes for table `hospital_list`
--
ALTER TABLE `hospital_list`
  ADD PRIMARY KEY (`id`);

--
-- Indexes for table `ips_on_hold`
--
ALTER TABLE `ips_on_hold`
  ADD PRIMARY KEY (`ai`);

--
-- Indexes for table `login_errors`
--
ALTER TABLE `login_errors`
  ADD PRIMARY KEY (`ai`);

--
-- Indexes for table `statelist`
--
ALTER TABLE `statelist`
  ADD PRIMARY KEY (`city_id`);

--
-- Indexes for table `states`
--
ALTER TABLE `states`
  ADD PRIMARY KEY (`id`),
  ADD KEY `coountry_id` (`country_id`);

--
-- Indexes for table `username_or_email_on_hold`
--
ALTER TABLE `username_or_email_on_hold`
  ADD PRIMARY KEY (`ai`);

--
-- Indexes for table `users`
--
ALTER TABLE `users`
  ADD PRIMARY KEY (`user_id`),
  ADD UNIQUE KEY `email` (`email`),
  ADD UNIQUE KEY `username` (`username`);

--
-- AUTO_INCREMENT for dumped tables
--

--
-- AUTO_INCREMENT for table `acl`
--
ALTER TABLE `acl`
  MODIFY `ai` int(10) UNSIGNED NOT NULL AUTO_INCREMENT;
--
-- AUTO_INCREMENT for table `acl_actions`
--
ALTER TABLE `acl_actions`
  MODIFY `action_id` int(10) UNSIGNED NOT NULL AUTO_INCREMENT;
--
-- AUTO_INCREMENT for table `acl_categories`
--
ALTER TABLE `acl_categories`
  MODIFY `category_id` int(10) UNSIGNED NOT NULL AUTO_INCREMENT;
--
-- AUTO_INCREMENT for table `blood_requirements`
--
ALTER TABLE `blood_requirements`
  MODIFY `id` int(11) UNSIGNED NOT NULL AUTO_INCREMENT, AUTO_INCREMENT=4;
--
-- AUTO_INCREMENT for table `cities`
--
ALTER TABLE `cities`
  MODIFY `id` int(11) UNSIGNED NOT NULL AUTO_INCREMENT, AUTO_INCREMENT=1025;
--
-- AUTO_INCREMENT for table `countries`
--
ALTER TABLE `countries`
  MODIFY `id` int(11) UNSIGNED NOT NULL AUTO_INCREMENT, AUTO_INCREMENT=4;
--
-- AUTO_INCREMENT for table `denied_access`
--
ALTER TABLE `denied_access`
  MODIFY `ai` int(10) UNSIGNED NOT NULL AUTO_INCREMENT;
--
-- AUTO_INCREMENT for table `donor_list`
--
ALTER TABLE `donor_list`
  MODIFY `id` int(11) UNSIGNED NOT NULL AUTO_INCREMENT, AUTO_INCREMENT=15;
--
-- AUTO_INCREMENT for table `hospital_list`
--
ALTER TABLE `hospital_list`
  MODIFY `id` int(11) UNSIGNED NOT NULL AUTO_INCREMENT, AUTO_INCREMENT=3;
--
-- AUTO_INCREMENT for table `ips_on_hold`
--
ALTER TABLE `ips_on_hold`
  MODIFY `ai` int(10) UNSIGNED NOT NULL AUTO_INCREMENT;
--
-- AUTO_INCREMENT for table `login_errors`
--
ALTER TABLE `login_errors`
  MODIFY `ai` int(10) UNSIGNED NOT NULL AUTO_INCREMENT, AUTO_INCREMENT=13;
--
-- AUTO_INCREMENT for table `states`
--
ALTER TABLE `states`
  MODIFY `id` int(11) UNSIGNED NOT NULL AUTO_INCREMENT, AUTO_INCREMENT=32;
--
-- AUTO_INCREMENT for table `username_or_email_on_hold`
--
ALTER TABLE `username_or_email_on_hold`
  MODIFY `ai` int(10) UNSIGNED NOT NULL AUTO_INCREMENT;
--
-- Constraints for dumped tables
--

--
-- Constraints for table `acl`
--
ALTER TABLE `acl`
  ADD CONSTRAINT `acl_ibfk_1` FOREIGN KEY (`action_id`) REFERENCES `acl_actions` (`action_id`) ON DELETE CASCADE,
  ADD CONSTRAINT `acl_ibfk_2` FOREIGN KEY (`user_id`) REFERENCES `users` (`user_id`) ON DELETE CASCADE;

--
-- Constraints for table `acl_actions`
--
ALTER TABLE `acl_actions`
  ADD CONSTRAINT `acl_actions_ibfk_1` FOREIGN KEY (`category_id`) REFERENCES `acl_categories` (`category_id`) ON DELETE CASCADE;

/*!40101 SET CHARACTER_SET_CLIENT=@OLD_CHARACTER_SET_CLIENT */;
/*!40101 SET CHARACTER_SET_RESULTS=@OLD_CHARACTER_SET_RESULTS */;
/*!40101 SET COLLATION_CONNECTION=@OLD_COLLATION_CONNECTION */;
